meter,x_Timestamp,t_kWh,z_Avg Voltage (Volt),z_Avg Current (Amp),y_Freq (Hz)
sample_consumer_07,2020-01-01 00:00:00,0.02669,231.275,1.0676,49.975
sample_consumer_07,2020-01-01 00:03:00,0.014747,232.024,0.7186,50.042
sample_consumer_07,2020-01-01 00:06:00,0.040061,230.532,1.2476,49.984
sample_consumer_07,2020-01-01 00:09:00,0.041414,227.761,1.351,49.954
sample_consumer_07,2020-01-01 00:12:00,0.0313,229.379,1.0686,49.979
sample_consumer_07,2020-01-01 00:15:00,0.037797,229.058,1.2186,50.025
sample_consumer_07,2020-01-01 00:18:00,0.050685,231.883,1.4561,49.966
sample_consumer_07,2020-01-01 00:21:00,0.044452,228.382,1.4164,50.044
sample_consumer_07,2020-01-01 00:24:00,0.041063,232.902,1.2815,50.024
sample_consumer_07,2020-01-01 00:27:00,0.040872,229.753,1.3527,50.004
sample_consumer_07,2020-01-01 00:30:00,0.025985,231.169,0.9866,49.98
sample_consumer_07,2020-01-01 00:33:00,0.043523,228.91,1.38,49.98
sample_consumer_07,2020-01-01 00:36:00,0.018453,232.312,0.8239,50.022
sample_consumer_07,2020-01-01 00:39:00,0.031085,228.623,1.1578,50.009
sample_consumer_07,2020-01-01 00:42:00,0.030076,233.154,0.9726,49.987
sample_consumer_07,2020-01-01 00:45:00,0.017685,230.692,0.9577,49.951
sample_consumer_07,2020-01-01 00:48:00,0.033213,231.435,1.1786,50.014
sample_consumer_07,2020-01-01 00:51:00,0.050043,230.996,1.436,49.958
sample_consumer_07,2020-01-01 00:54:00,0.031008,228.208,1.0772,50.013
sample_consumer_07,2020-01-01 00:57:00,0.022684,232.683,0.9458,49.99
sample_consumer_07,2020-01-01 01:00:00,0.033398,226.718,1.171,49.99
sample_consumer_07,2020-01-01 01:03:00,0.042466,230.045,1.3112,49.991
sample_consumer_07,2020-01-01 01:06:00,0.036126,231.44,1.2806,49.974
sample_consumer_07,2020-01-01 01:09:00,0.034246,231.93,1.1761,49.994
sample_consumer_07,2020-01-01 01:12:00,0.020749,228.555,0.8768,50.016
sample_consumer_07,2020-01-01 01:15:00,0.03908,228.847,1.282,50.004
sample_consumer_07,2020-01-01 01:18:00,0.038933,229.374,1.3252,50.015
sample_consumer_07,2020-01-01 01:21:00,0.047143,227.77,1.3701,49.995
sample_consumer_07,2020-01-01 01:24:00,0.048561,229.323,1.429,49.998
sample_consumer_07,2020-01-01 01:27:00,0.04088,228.0,1.3747,49.973
sample_consumer_07,2020-01-01 01:30:00,0.018511,230.786,0.8889,49.962
sample_consumer_07,2020-01-01 01:33:00,0.020498,229.405,0.9144,50.055
sample_consumer_07,2020-01-01 01:36:00,0.023736,228.153,1.0738,50.011
sample_consumer_07,2020-01-01 01:39:00,0.037102,228.29,1.3248,50.035
sample_consumer_07,2020-01-01 01:42:00,0.026717,230.088,0.9736,49.986
sample_consumer_07,2020-01-01 01:45:00,0.046839,228.129,1.3656,50.051
sample_consumer_07,2020-01-01 01:48:00,0.036612,226.983,1.2554,50.058
sample_consumer_07,2020-01-01 01:51:00,0.037772,227.568,1.3044,49.984
sample_consumer_07,2020-01-01 01:54:00,0.041474,230.249,1.3184,50.026
sample_consumer_07,2020-01-01 01:57:00,0.037537,226.149,1.2751,49.946
sample_consumer_07,2020-01-01 02:00:00,0.020736,229.955,0.8812,49.988
sample_consumer_07,2020-01-01 02:03:00,0.057801,231.445,1.6982,49.999
sample_consumer_07,2020-01-01 02:06:00,0.048311,228.509,1.4052,50.015
sample_consumer_07,2020-01-01 02:09:00,0.048888,229.145,1.492,50.026
sample_consumer_07,2020-01-01 02:12:00,0.027099,226.755,1.0754,49.992
sample_consumer_07,2020-01-01 02:15:00,0.016543,227.762,0.822,50.015
sample_consumer_07,2020-01-01 02:18:00,0.019814,228.586,0.8989,49.998
sample_consumer_07,2020-01-01 02:21:00,0.024163,230.419,0.9876,50.064
sample_consumer_07,2020-01-01 02:24:00,0.042737,228.955,1.4023,49.952
sample_consumer_07,2020-01-01 02:27:00,0.042912,227.455,1.3223,49.988
sample_consumer_07,2020-01-01 02:30:00,0.048267,228.632,1.5278,50.004
sample_consumer_07,2020-01-01 02:33:00,0.054831,227.277,1.518,50.005
sample_consumer_07,2020-01-01 02:36:00,0.039271,233.23,1.3507,49.928
sample_consumer_07,2020-01-01 02:39:00,0.037674,228.461,1.2727,49.973
sample_consumer_07,2020-01-01 02:42:00,0.030789,232.829,1.1611,50.018
sample_consumer_07,2020-01-01 02:45:00,0.031043,226.533,1.1828,50.01
sample_consumer_07,2020-01-01 02:48:00,0.023162,227.783,0.9874,49.931
sample_consumer_07,2020-01-01 02:51:00,0.039174,232.655,1.3525,49.987
sample_consumer_07,2020-01-01 02:54:00,0.037325,229.197,1.2818,50.009
sample_consumer_07,2020-01-01 02:57:00,0.030384,234.09,1.1131,49.996
sample_consumer_07,2020-01-01 03:00:00,0.026493,231.428,1.0837,49.988
sample_consumer_07,2020-01-01 03:03:00,0.038657,232.596,1.3444,49.931
sample_consumer_07,2020-01-01 03:06:00,0.046806,226.644,1.35,49.96
sample_consumer_07,2020-01-01 03:09:00,0.035054,230.178,1.2143,49.986
sample_consumer_07,2020-01-01 03:12:00,0.036995,229.099,1.1369,50.037
sample_consumer_07,2020-01-01 03:15:00,0.029012,233.046,1.087,49.978
sample_consumer_07,2020-01-01 03:18:00,0.031887,228.894,1.1425,50.0
sample_consumer_07,2020-01-01 03:21:00,0.031235,229.824,1.1248,49.971
sample_consumer_07,2020-01-01 03:24:00,0.031536,228.152,1.1938,49.999
sample_consumer_07,2020-01-01 03:27:00,0.028541,226.432,1.131,50.038
sample_consumer_07,2020-01-01 03:30:00,0.038076,230.976,1.3066,49.993
sample_consumer_07,2020-01-01 03:33:00,0.046744,229.02,1.3011,49.994
sample_consumer_07,2020-01-01 03:36:00,0.025183,230.435,1.0802,50.033
sample_consumer_07,2020-01-01 03:39:00,0.047699,227.742,1.4253,49.97
sample_consumer_07,2020-01-01 03:42:00,0.030405,229.586,0.973,50.0
sample_consumer_07,2020-01-01 03:45:00,0.030749,227.98,1.1263,49.976
sample_consumer_07,2020-01-01 03:48:00,0.013578,228.645,0.7635,50.027
sample_consumer_07,2020-01-01 03:51:00,0.011035,230.017,0.705,49.99
sample_consumer_07,2020-01-01 03:54:00,0.04133,228.594,1.4041,50.033
sample_consumer_07,2020-01-01 03:57:00,0.023802,230.8,0.9652,50.054
sample_consumer_07,2020-01-01 04:00:00,0.042,227.34,1.2961,49.975
sample_consumer_07,2020-01-01 04:03:00,0.034758,228.839,1.2457,50.038
sample_consumer_07,2020-01-01 04:06:00,0.036676,232.326,1.1858,50.04
sample_consumer_07,2020-01-01 04:09:00,0.047067,228.195,1.4954,49.994
sample_consumer_07,2020-01-01 04:12:00,0.033578,226.065,1.1246,49.976
sample_consumer_07,2020-01-01 04:15:00,0.00293,232.194,0.5969,50.033
sample_consumer_07,2020-01-01 04:18:00,0.017588,229.381,0.952,50.001
sample_consumer_07,2020-01-01 04:21:00,0.043606,227.579,1.4248,49.989
sample_consumer_07,2020-01-01 04:24:00,0.053432,227.307,1.5368,50.009
sample_consumer_07,2020-01-01 04:27:00,0.033351,230.787,1.0877,49.994
sample_consumer_07,2020-01-01 04:30:00,0.027534,227.337,1.0312,50.007
sample_consumer_07,2020-01-01 04:33:00,0.020912,226.198,0.8415,50.03
sample_consumer_07,2020-01-01 04:36:00,0.039512,230.912,1.3656,50.015
sample_consumer_07,2020-01-01 04:39:00,0.017019,230.101,0.8953,49.979
sample_consumer_07,2020-01-01 04:42:00,0.022317,230.85,0.8373,50.007
sample_consumer_07,2020-01-01 04:45:00,0.035576,228.537,1.1929,49.972
sample_consumer_07,2020-01-01 04:48:00,0.03525,230.444,1.2336,49.961
sample_consumer_07,2020-01-01 04:51:00,0.031788,227.678,1.1871,50.006
sample_consumer_07,2020-01-01 04:54:00,0.044476,228.912,1.3335,50.025
sample_consumer_07,2020-01-01 04:57:00,0.02234,230.022,0.9523,49.944
sample_consumer_07,2020-01-01 05:00:00,0.022845,230.173,0.9023,50.036
sample_consumer_07,2020-01-01 05:03:00,0.030257,231.942,1.0898,50.072
sample_consumer_07,2020-01-01 05:06:00,0.034897,231.334,1.241,50.054
sample_consumer_07,2020-01-01 05:09:00,0.031031,227.925,1.0218,49.903
sample_consumer_07,2020-01-01 05:12:00,0.053394,228.666,1.5707,50.02
sample_consumer_07,2020-01-01 05:15:00,0.028477,231.287,1.1143,50.006
sample_consumer_07,2020-01-01 05:18:00,0.040369,232.464,1.2252,50.026
sample_consumer_07,2020-01-01 05:21:00,0.028645,230.932,1.0324,50.043
sample_consumer_07,2020-01-01 05:24:00,0.037349,229.136,1.3269,50.009
sample_consumer_07,2020-01-01 05:27:00,0.030022,230.456,1.1034,49.952
sample_consumer_07,2020-01-01 05:30:00,0.0305,232.323,1.1602,49.98
sample_consumer_07,2020-01-01 05:33:00,0.049853,232.737,1.5316,50.005
sample_consumer_07,2020-01-01 05:36:00,0.031038,228.869,1.1914,50.007
sample_consumer_07,2020-01-01 05:39:00,0.05075,228.065,1.5673,50.023
sample_consumer_07,2020-01-01 05:42:00,0.027175,230.125,1.0496,50.004
sample_consumer_07,2020-01-01 05:45:00,0.029773,228.794,1.0652,50.046
sample_consumer_07,2020-01-01 05:48:00,0.044918,230.02,1.4383,49.972
sample_consumer_07,2020-01-01 05:51:00,0.010477,228.25,0.6644,49.983
sample_consumer_07,2020-01-01 05:54:00,0.018209,230.67,0.835,50.028
sample_consumer_07,2020-01-01 05:57:00,0.034444,231.054,1.1695,50.013
sample_consumer_07,2020-01-01 06:00:00,0.04964,232.974,1.4797,50.064
sample_consumer_07,2020-01-01 06:03:00,0.050816,232.559,1.4609,49.972
sample_consumer_07,2020-01-01 06:06:00,0.039794,230.478,1.2936,49.942
sample_consumer_07,2020-01-01 06:09:00,0.02607,228.246,1.0639,49.991
sample_consumer_07,2020-01-01 06:12:00,0.054024,231.736,1.4981,50.037
sample_consumer_07,2020-01-01 06:15:00,0.049265,228.724,1.3819,49.977
sample_consumer_07,2020-01-01 06:18:00,0.029797,227.16,1.0666,49.97
sample_consumer_07,2020-01-01 06:21:00,0.044848,229.399,1.4019,50.02
sample_consumer_07,2020-01-01 06:24:00,0.066124,227.288,1.8455,50.005
sample_consumer_07,2020-01-01 06:27:00,0.045311,233.676,1.4227,50.008
sample_consumer_07,2020-01-01 06:30:00,0.02904,232.077,1.0778,49.994
sample_consumer_07,2020-01-01 06:33:00,0.038482,232.594,1.3735,49.958
sample_consumer_07,2020-01-01 06:36:00,0.039201,228.981,1.3213,50.073
sample_consumer_07,2020-01-01 06:39:00,0.048007,229.576,1.4673,49.98
sample_consumer_07,2020-01-01 06:42:00,0.054996,230.219,1.6349,50.035
sample_consumer_07,2020-01-01 06:45:00,0.032141,228.981,1.1607,49.949
sample_consumer_07,2020-01-01 06:48:00,0.035661,229.858,1.2064,49.982
sample_consumer_07,2020-01-01 06:51:00,0.05643,230.644,1.6461,49.95
sample_consumer_07,2020-01-01 06:54:00,0.052957,228.377,1.5422,49.957
sample_consumer_07,2020-01-01 06:57:00,0.060625,229.691,1.6938,49.953
sample_consumer_07,2020-01-01 07:00:00,0.02557,232.327,1.0791,50.017
sample_consumer_07,2020-01-01 07:03:00,0.031838,230.121,1.0535,49.995
sample_consumer_07,2020-01-01 07:06:00,0.056269,226.279,1.5989,50.012
sample_consumer_07,2020-01-01 07:09:00,0.031911,227.959,1.1059,50.012
sample_consumer_07,2020-01-01 07:12:00,0.04779,228.426,1.4883,49.956
sample_consumer_07,2020-01-01 07:15:00,0.043072,228.899,1.3079,49.99
sample_consumer_07,2020-01-01 07:18:00,0.034442,230.206,1.2016,49.948
sample_consumer_07,2020-01-01 07:21:00,0.062024,228.032,1.759,50.05
sample_consumer_07,2020-01-01 07:24:00,0.043566,232.937,1.4067,50.021
sample_consumer_07,2020-01-01 07:27:00,0.037424,229.401,1.2935,49.994
sample_consumer_07,2020-01-01 07:30:00,0.041756,230.814,1.3401,49.943
sample_consumer_07,2020-01-01 07:33:00,0.046841,228.086,1.4085,50.033
sample_consumer_07,2020-01-01 07:36:00,0.0241,225.698,0.9837,49.976
sample_consumer_07,2020-01-01 07:39:00,0.032972,230.78,1.0823,49.96
sample_consumer_07,2020-01-01 07:42:00,0.027773,231.437,1.1098,49.943
sample_consumer_07,2020-01-01 07:45:00,0.017498,231.824,0.8045,50.049
sample_consumer_07,2020-01-01 07:48:00,0.055939,229.635,1.607,50.031
sample_consumer_07,2020-01-01 07:51:00,0.06164,230.221,1.7136,49.984
sample_consumer_07,2020-01-01 07:54:00,0.058583,228.189,1.7704,50.025
sample_consumer_07,2020-01-01 07:57:00,0.021654,226.667,0.9061,49.942
sample_consumer_07,2020-01-01 08:00:00,0.048722,230.001,1.4645,50.041
sample_consumer_07,2020-01-01 08:03:00,0.052221,230.859,1.6114,50.006
sample_consumer_07,2020-01-01 08:06:00,0.036631,230.795,1.2526,50.054
sample_consumer_07,2020-01-01 08:09:00,0.053935,231.566,1.5476,50.017
sample_consumer_07,2020-01-01 08:12:00,0.029819,231.818,1.1461,49.978
sample_consumer_07,2020-01-01 08:15:00,0.03034,231.464,1.0963,49.95
sample_consumer_07,2020-01-01 08:18:00,0.033347,231.393,1.207,50.035
sample_consumer_07,2020-01-01 08:21:00,0.034743,230.385,1.2608,49.964
sample_consumer_07,2020-01-01 08:24:00,0.031165,228.752,1.0894,50.027
sample_consumer_07,2020-01-01 08:27:00,0.055714,225.926,1.5624,50.034
sample_consumer_07,2020-01-01 08:30:00,0.030394,230.308,1.0795,49.97
sample_consumer_07,2020-01-01 08:33:00,0.037941,232.657,1.289,50.02
sample_consumer_07,2020-01-01 08:36:00,0.035794,230.883,1.3162,50.035
sample_consumer_07,2020-01-01 08:39:00,0.07113,233.842,1.954,50.007
sample_consumer_07,2020-01-01 08:42:00,0.032547,231.386,1.1891,49.979
sample_consumer_07,2020-01-01 08:45:00,0.049605,226.04,1.474,49.941
sample_consumer_07,2020-01-01 08:48:00,0.066355,232.255,1.8317,50.017
sample_consumer_07,2020-01-01 08:51:00,0.029005,228.351,1.0971,49.99
sample_consumer_07,2020-01-01 08:54:00,0.033392,230.024,1.0795,49.972
sample_consumer_07,2020-01-01 08:57:00,0.039627,229.412,1.2755,49.98
sample_consumer_07,2020-01-01 09:00:00,0.027273,230.164,1.0238,49.992
sample_consumer_07,2020-01-01 09:03:00,0.058954,233.522,1.6848,50.071
sample_consumer_07,2020-01-01 09:06:00,0.037838,232.679,1.3098,49.998
sample_consumer_07,2020-01-01 09:09:00,0.056794,227.581,1.6471,50.033
sample_consumer_07,2020-01-01 09:12:00,0.050345,231.184,1.5527,49.973
sample_consumer_07,2020-01-01 09:15:00,0.044008,228.938,1.4122,50.048
sample_consumer_07,2020-01-01 09:18:00,0.055619,232.913,1.643,50.0
sample_consumer_07,2020-01-01 09:21:00,0.039992,233.569,1.283,50.013
sample_consumer_07,2020-01-01 09:24:00,0.056803,229.673,1.6319,49.981
sample_consumer_07,2020-01-01 09:27:00,0.027509,232.469,1.0569,49.984
sample_consumer_07,2020-01-01 09:30:00,0.03454,232.696,1.1761,49.965
sample_consumer_07,2020-01-01 09:33:00,0.058677,232.107,1.6936,50.025
sample_consumer_07,2020-01-01 09:36:00,0.01785,232.865,0.8192,50.034
sample_consumer_07,2020-01-01 09:39:00,0.049633,230.426,1.5378,50.024
sample_consumer_07,2020-01-01 09:42:00,0.038683,231.417,1.2761,50.001
sample_consumer_07,2020-01-01 09:45:00,0.037018,230.632,1.1769,50.007
sample_consumer_07,2020-01-01 09:48:00,0.035148,230.885,1.2638,50.04
sample_consumer_07,2020-01-01 09:51:00,0.059619,230.703,1.7636,50.0
sample_consumer_07,2020-01-01 09:54:00,0.024935,226.509,1.0604,49.988
sample_consumer_07,2020-01-01 09:57:00,0.054033,230.33,1.5472,50.007
sample_consumer_07,2020-01-01 10:00:00,0.049643,232.794,1.4531,49.989
sample_consumer_07,2020-01-01 10:03:00,0.038522,228.045,1.2632,50.025
sample_consumer_07,2020-01-01 10:06:00,0.042704,229.602,1.3236,49.996
sample_consumer_07,2020-01-01 10:09:00,0.052461,224.607,1.5892,49.964
sample_consumer_07,2020-01-01 10:12:00,0.036462,231.163,1.199,49.956
sample_consumer_07,2020-01-01 10:15:00,0.025134,230.619,0.9872,49.953
sample_consumer_07,2020-01-01 10:18:00,0.04725,232.169,1.4682,50.046
sample_consumer_07,2020-01-01 10:21:00,0.03341,233.415,1.1647,50.001
sample_consumer_07,2020-01-01 10:24:00,0.038727,228.706,1.2269,50.04
sample_consumer_07,2020-01-01 10:27:00,0.044436,228.963,1.4046,50.045
sample_consumer_07,2020-01-01 10:30:00,0.052832,231.421,1.5348,49.992
sample_consumer_07,2020-01-01 10:33:00,0.066068,229.358,1.8392,50.075
sample_consumer_07,2020-01-01 10:36:00,0.047992,231.603,1.4732,49.996
sample_consumer_07,2020-01-01 10:39:00,0.045204,226.976,1.4144,50.014
sample_consumer_07,2020-01-01 10:42:00,0.053841,229.725,1.5337,49.977
sample_consumer_07,2020-01-01 10:45:00,0.047296,228.102,1.4185,50.014
sample_consumer_07,2020-01-01 10:48:00,0.023055,227.154,0.9769,49.988
sample_consumer_07,2020-01-01 10:51:00,0.0364,230.476,1.1666,50.019
sample_consumer_07,2020-01-01 10:54:00,0.028591,227.97,1.1442,50.057
sample_consumer_07,2020-01-01 10:57:00,0.052334,228.966,1.5554,50.021
sample_consumer_07,2020-01-01 11:00:00,0.059406,229.108,1.6991,49.962
sample_consumer_07,2020-01-01 11:03:00,0.04816,224.39,1.4159,49.956
sample_consumer_07,2020-01-01 11:06:00,0.031144,231.383,1.103,49.969
sample_consumer_07,2020-01-01 11:09:00,0.053616,230.658,1.5478,50.058
sample_consumer_07,2020-01-01 11:12:00,0.031977,230.395,1.0596,49.985
sample_consumer_07,2020-01-01 11:15:00,0.046898,229.341,1.384,49.931
sample_consumer_07,2020-01-01 11:18:00,0.02908,232.767,1.1424,49.979
sample_consumer_07,2020-01-01 11:21:00,0.026783,230.642,0.9845,50.01
sample_consumer_07,2020-01-01 11:24:00,0.026571,227.883,1.0364,49.98
sample_consumer_07,2020-01-01 11:27:00,0.044004,230.792,1.4246,50.032
sample_consumer_07,2020-01-01 11:30:00,0.035677,232.314,1.1905,50.04
sample_consumer_07,2020-01-01 11:33:00,0.049143,229.806,1.4966,49.979
sample_consumer_07,2020-01-01 11:36:00,0.02786,229.906,1.0449,50.041
sample_consumer_07,2020-01-01 11:39:00,0.049803,230.947,1.4753,49.976
sample_consumer_07,2020-01-01 11:42:00,0.036199,231.554,1.2721,50.055
sample_consumer_07,2020-01-01 11:45:00,0.059151,230.946,1.6652,49.985
sample_consumer_07,2020-01-01 11:48:00,0.056296,229.359,1.5242,50.046
sample_consumer_07,2020-01-01 11:51:00,0.04114,231.359,1.2669,49.999
sample_consumer_07,2020-01-01 11:54:00,0.04512,229.615,1.3898,49.977
sample_consumer_07,2020-01-01 11:57:00,0.046779,229.505,1.4691,49.999
sample_consumer_07,2020-01-01 12:00:00,0.05163,232.466,1.4946,50.005
sample_consumer_07,2020-01-01 12:03:00,0.042187,229.396,1.4025,49.969
sample_consumer_07,2020-01-01 12:06:00,0.059715,228.389,1.6041,50.016
sample_consumer_07,2020-01-01 12:09:00,0.03919,231.104,1.2502,49.965
sample_consumer_07,2020-01-01 12:12:00,0.021064,228.179,0.9173,49.965
sample_consumer_07,2020-01-01 12:15:00,0.048848,232.303,1.4547,50.002
sample_consumer_07,2020-01-01 12:18:00,0.044309,230.212,1.3496,50.02
sample_consumer_07,2020-01-01 12:21:00,0.056347,232.067,1.6602,49.969
sample_consumer_07,2020-01-01 12:24:00,0.053322,230.043,1.5028,50.01
sample_consumer_07,2020-01-01 12:27:00,0.047353,227.992,1.4113,50.042
sample_consumer_07,2020-01-01 12:30:00,0.047069,224.354,1.4223,50.003
sample_consumer_07,2020-01-01 12:33:00,0.047317,228.163,1.3601,49.984
sample_consumer_07,2020-01-01 12:36:00,0.037261,232.259,1.2375,50.036
sample_consumer_07,2020-01-01 12:39:00,0.030119,229.021,1.1063,50.051
sample_consumer_07,2020-01-01 12:42:00,0.035192,231.738,1.2118,49.993
sample_consumer_07,2020-01-01 12:45:00,0.044528,232.146,1.4387,50.009
sample_consumer_07,2020-01-01 12:48:00,0.016711,226.645,0.7998,49.991
sample_consumer_07,2020-01-01 12:51:00,0.040121,229.117,1.338,50.018
sample_consumer_07,2020-01-01 12:54:00,0.033132,229.686,1.1692,50.035
sample_consumer_07,2020-01-01 12:57:00,0.044568,232.849,1.3609,49.978
sample_consumer_07,2020-01-01 13:00:00,0.035288,233.119,1.1485,50.058
sample_consumer_07,2020-01-01 13:03:00,0.046493,228.5,1.4743,50.003
sample_consumer_07,2020-01-01 13:06:00,0.042777,231.282,1.2637,49.993
sample_consumer_07,2020-01-01 13:09:00,0.062279,230.632,1.7763,50.016
sample_consumer_07,2020-01-01 13:12:00,0.041304,227.749,1.3253,50.005
sample_consumer_07,2020-01-01 13:15:00,0.04258,232.162,1.3981,50.005
sample_consumer_07,2020-01-01 13:18:00,0.046025,233.365,1.3753,49.927
sample_consumer_07,2020-01-01 13:21:00,0.022436,227.854,0.8639,50.063
sample_consumer_07,2020-01-01 13:24:00,0.031978,231.268,1.147,50.016
sample_consumer_07,2020-01-01 13:27:00,0.064072,228.57,1.8021,50.003
sample_consumer_07,2020-01-01 13:30:00,0.052305,232.088,1.5774,50.036
sample_consumer_07,2020-01-01 13:33:00,0.046774,232.158,1.433,49.995
sample_consumer_07,2020-01-01 13:36:00,0.059534,229.254,1.6742,49.993
sample_consumer_07,2020-01-01 13:39:00,0.04339,229.587,1.3494,50.042
sample_consumer_07,2020-01-01 13:42:00,0.042508,233.174,1.3661,49.978
sample_consumer_07,2020-01-01 13:45:00,0.041823,229.553,1.2738,50.0
sample_consumer_07,2020-01-01 13:48:00,0.022973,232.085,0.9512,50.03
sample_consumer_07,2020-01-01 13:51:00,0.057711,226.443,1.6616,50.007
sample_consumer_07,2020-01-01 13:54:00,0.043275,226.97,1.4373,50.018
sample_consumer_07,2020-01-01 13:57:00,0.044492,232.058,1.3687,49.965
sample_consumer_07,2020-01-01 14:00:00,0.04142,230.401,1.2748,49.943
sample_consumer_07,2020-01-01 14:03:00,0.037572,229.296,1.3261,50.025
sample_consumer_07,2020-01-01 14:06:00,0.016791,227.671,0.8448,50.024
sample_consumer_07,2020-01-01 14:09:00,0.04763,230.299,1.4924,50.043
sample_consumer_07,2020-01-01 14:12:00,0.073602,227.171,1.9313,50.057
sample_consumer_07,2020-01-01 14:15:00,0.058339,229.508,1.5862,50.004
sample_consumer_07,2020-01-01 14:18:00,0.042009,231.155,1.3168,50.014
sample_consumer_07,2020-01-01 14:21:00,0.033865,229.252,1.1938,50.036
sample_consumer_07,2020-01-01 14:24:00,0.046025,226.638,1.4483,49.954
sample_consumer_07,2020-01-01 14:27:00,0.050442,226.43,1.5468,49.999
sample_consumer_07,2020-01-01 14:30:00,0.044156,228.857,1.3404,49.989
sample_consumer_07,2020-01-01 14:33:00,0.056368,225.263,1.6234,50.011
sample_consumer_07,2020-01-01 14:36:00,0.033501,231.338,1.0812,50.048
sample_consumer_07,2020-01-01 14:39:00,0.059357,228.324,1.6242,49.999
sample_consumer_07,2020-01-01 14:42:00,0.047681,228.48,1.4217,49.98
sample_consumer_07,2020-01-01 14:45:00,0.038669,229.01,1.2592,49.973
sample_consumer_07,2020-01-01 14:48:00,0.042067,228.184,1.3898,49.969
sample_consumer_07,2020-01-01 14:51:00,0.05014,232.405,1.5222,50.001
sample_consumer_07,2020-01-01 14:54:00,0.05545,228.401,1.6628,49.927
sample_consumer_07,2020-01-01 14:57:00,0.046623,227.291,1.3376,50.029
sample_consumer_07,2020-01-01 15:00:00,0.053141,231.87,1.5635,50.001
sample_consumer_07,2020-01-01 15:03:00,0.076449,228.319,1.9617,49.991
sample_consumer_07,2020-01-01 15:06:00,0.024726,232.734,1.0268,50.0
sample_consumer_07,2020-01-01 15:09:00,0.020038,231.197,0.872,49.99
sample_consumer_07,2020-01-01 15:12:00,0.046831,228.883,1.438,50.042
sample_consumer_07,2020-01-01 15:15:00,0.033314,229.96,1.1927,49.955
sample_consumer_07,2020-01-01 15:18:00,0.047142,227.709,1.436,49.943
sample_consumer_07,2020-01-01 15:21:00,0.025091,227.502,0.9403,50.013
sample_consumer_07,2020-01-01 15:24:00,0.047397,232.012,1.4006,49.958
sample_consumer_07,2020-01-01 15:27:00,0.062468,229.066,1.6875,50.008
sample_consumer_07,2020-01-01 15:30:00,0.059879,229.442,1.6484,50.015
sample_consumer_07,2020-01-01 15:33:00,0.031647,228.824,1.0957,49.943
sample_consumer_07,2020-01-01 15:36:00,0.041735,230.056,1.3556,49.998
sample_consumer_07,2020-01-01 15:39:00,0.057022,229.231,1.5288,50.022
sample_consumer_07,2020-01-01 15:42:00,0.069041,229.946,1.9941,49.983
sample_consumer_07,2020-01-01 15:45:00,0.033501,229.953,1.1536,49.969
sample_consumer_07,2020-01-01 15:48:00,0.034768,232.531,1.1905,50.039
sample_consumer_07,2020-01-01 15:51:00,0.059996,228.919,1.6601,49.966
sample_consumer_07,2020-01-01 15:54:00,0.0411,229.696,1.2927,50.003
sample_consumer_07,2020-01-01 15:57:00,0.032559,230.164,1.1253,50.023
sample_consumer_07,2020-01-01 16:00:00,0.059146,228.053,1.6355,49.968
sample_consumer_07,2020-01-01 16:03:00,0.0242,230.91,1.0321,50.018
sample_consumer_07,2020-01-01 16:06:00,0.036945,229.701,1.2194,49.974
sample_consumer_07,2020-01-01 16:09:00,0.05806,228.783,1.6543,50.012
sample_consumer_07,2020-01-01 16:12:00,0.037657,228.378,1.223,49.999
sample_consumer_07,2020-01-01 16:15:00,0.055468,229.751,1.7469,50.037
sample_consumer_07,2020-01-01 16:18:00,0.030001,230.359,1.0664,50.031
sample_consumer_07,2020-01-01 16:21:00,0.055617,230.76,1.6333,50.032
sample_consumer_07,2020-01-01 16:24:00,0.051737,231.364,1.5879,49.972
sample_consumer_07,2020-01-01 16:27:00,0.066432,229.309,1.7726,50.006
sample_consumer_07,2020-01-01 16:30:00,0.04255,232.61,1.3065,49.979
sample_consumer_07,2020-01-01 16:33:00,0.041184,230.18,1.2676,50.071
sample_consumer_07,2020-01-01 16:36:00,0.04447,232.139,1.4051,49.993
sample_consumer_07,2020-01-01 16:39:00,0.059099,229.334,1.7046,49.997
sample_consumer_07,2020-01-01 16:42:00,0.036194,232.211,1.2709,49.974
sample_consumer_07,2020-01-01 16:45:00,0.043877,230.115,1.332,49.996
sample_consumer_07,2020-01-01 16:48:00,0.070641,228.562,1.9154,49.968
sample_consumer_07,2020-01-01 16:51:00,0.05568,229.194,1.5903,50.011
sample_consumer_07,2020-01-01 16:54:00,0.054963,230.462,1.6204,50.018
sample_consumer_07,2020-01-01 16:57:00,0.039029,226.741,1.1464,49.967
sample_consumer_07,2020-01-01 17:00:00,0.056713,230.452,1.7246,49.974
sample_consumer_07,2020-01-01 17:03:00,0.030794,226.089,1.0824,50.02
sample_consumer_07,2020-01-01 17:06:00,0.026607,230.378,1.0712,49.984
sample_consumer_07,2020-01-01 17:09:00,0.033638,228.359,1.1263,50.013
sample_consumer_07,2020-01-01 17:12:00,0.063836,227.565,1.7891,49.966
sample_consumer_07,2020-01-01 17:15:00,0.047836,228.868,1.4283,50.084
sample_consumer_07,2020-01-01 17:18:00,0.033745,232.534,1.1478,49.918
sample_consumer_07,2020-01-01 17:21:00,0.041113,233.367,1.3947,50.002
sample_consumer_07,2020-01-01 17:24:00,0.051464,229.292,1.615,50.007
sample_consumer_07,2020-01-01 17:27:00,0.060814,232.863,1.6653,50.022
sample_consumer_07,2020-01-01 17:30:00,0.024796,230.63,0.9784,49.965
sample_consumer_07,2020-01-01 17:33:00,0.062803,233.463,1.6865,49.99
sample_consumer_07,2020-01-01 17:36:00,0.057613,230.232,1.7149,49.998
sample_consumer_07,2020-01-01 17:39:00,0.03677,231.491,1.2779,49.985
sample_consumer_07,2020-01-01 17:42:00,0.040587,228.028,1.3455,50.017
sample_consumer_07,2020-01-01 17:45:00,0.051972,232.547,1.482,49.989
sample_consumer_07,2020-01-01 17:48:00,0.04203,231.798,1.3488,50.037
sample_consumer_07,2020-01-01 17:51:00,0.047455,232.446,1.4295,49.981
sample_consumer_07,2020-01-01 17:54:00,0.032132,233.306,1.1178,49.953
sample_consumer_07,2020-01-01 17:57:00,0.022374,229.494,0.9483,50.026
sample_consumer_07,2020-01-01 18:00:00,0.083169,231.033,2.2012,49.993
sample_consumer_07,2020-01-01 18:03:00,0.051869,226.44,1.5941,49.976
sample_consumer_07,2020-01-01 18:06:00,0.052615,228.377,1.5741,50.017
sample_consumer_07,2020-01-01 18:09:00,0.056557,227.698,1.6905,50.002
sample_consumer_07,2020-01-01 18:12:00,0.068015,231.774,1.8703,50.016
sample_consumer_07,2020-01-01 18:15:00,0.06238,231.324,1.7443,49.954
sample_consumer_07,2020-01-01 18:18:00,0.035249,230.974,1.2283,50.01
sample_consumer_07,2020-01-01 18:21:00,0.047938,230.539,1.4675,50.027
sample_consumer_07,2020-01-01 18:24:00,0.050463,234.264,1.5158,50.006
sample_consumer_07,2020-01-01 18:27:00,0.060063,231.953,1.7743,49.969
sample_consumer_07,2020-01-01 18:30:00,0.041182,229.175,1.3754,50.029
sample_consumer_07,2020-01-01 18:33:00,0.05479,233.691,1.6066,50.028
sample_consumer_07,2020-01-01 18:36:00,0.052625,233.68,1.5453,49.961
sample_consumer_07,2020-01-01 18:39:00,0.068625,231.99,1.9028,49.958
sample_consumer_07,2020-01-01 18:42:00,0.013341,225.76,0.8077,49.977
sample_consumer_07,2020-01-01 18:45:00,0.050607,228.409,1.5044,50.006
sample_consumer_07,2020-01-01 18:48:00,0.054206,231.173,1.5441,49.982
sample_consumer_07,2020-01-01 18:51:00,0.058854,229.58,1.5872,49.979
sample_consumer_07,2020-01-01 18:54:00,0.049385,226.987,1.5777,49.954
sample_consumer_07,2020-01-01 18:57:00,0.038019,230.497,1.2679,50.008
sample_consumer_07,2020-01-01 19:00:00,0.058782,228.764,1.6734,50.041
sample_consumer_07,2020-01-01 19:03:00,0.054615,230.789,1.6416,49.994
sample_consumer_07,2020-01-01 19:06:00,0.037846,230.807,1.3434,50.044
sample_consumer_07,2020-01-01 19:09:00,0.030637,233.221,1.0693,49.984
sample_consumer_07,2020-01-01 19:12:00,0.057235,228.465,1.7258,50.074
sample_consumer_07,2020-01-01 19:15:00,0.037482,232.419,1.3158,49.951
sample_consumer_07,2020-01-01 19:18:00,0.058512,228.348,1.727,50.018
sample_consumer_07,2020-01-01 19:21:00,0.070515,232.363,1.8977,49.983
sample_consumer_07,2020-01-01 19:24:00,0.05236,231.265,1.5468,50.017
sample_consumer_07,2020-01-01 19:27:00,0.052675,231.104,1.584,49.935
sample_consumer_07,2020-01-01 19:30:00,0.051242,230.534,1.5409,49.99
sample_consumer_07,2020-01-01 19:33:00,0.068715,228.869,1.8794,50.033
sample_consumer_07,2020-01-01 19:36:00,0.06895,231.029,1.9265,50.025
sample_consumer_07,2020-01-01 19:39:00,0.050672,231.325,1.5449,50.024
sample_consumer_07,2020-01-01 19:42:00,0.059795,232.669,1.6658,50.024
sample_consumer_07,2020-01-01 19:45:00,0.050127,230.97,1.4322,49.976
sample_consumer_07,2020-01-01 19:48:00,0.042616,231.149,1.3507,49.999
sample_consumer_07,2020-01-01 19:51:00,0.060152,228.007,1.7036,50.037
sample_consumer_07,2020-01-01 19:54:00,0.048274,226.674,1.4133,49.938
sample_consumer_07,2020-01-01 19:57:00,0.037723,230.484,1.2107,50.04
sample_consumer_07,2020-01-01 20:00:00,0.02874,234.844,1.0101,50.038
sample_consumer_07,2020-01-01 20:03:00,0.063256,229.828,1.7556,49.989
sample_consumer_07,2020-01-01 20:06:00,0.036143,228.257,1.1412,50.002
sample_consumer_07,2020-01-01 20:09:00,0.03411,224.79,1.2248,50.009
sample_consumer_07,2020-01-01 20:12:00,0.045851,231.242,1.4047,49.978
sample_consumer_07,2020-01-01 20:15:00,0.059754,228.062,1.7041,49.968
sample_consumer_07,2020-01-01 20:18:00,0.025561,228.765,1.1149,49.993
sample_consumer_07,2020-01-01 20:21:00,0.05833,230.581,1.6754,50.046
sample_consumer_07,2020-01-01 20:24:00,0.054933,231.348,1.5277,49.936
sample_consumer_07,2020-01-01 20:27:00,0.03265,233.85,1.2085,50.017
sample_consumer_07,2020-01-01 20:30:00,0.033713,232.541,1.1714,50.07
sample_consumer_07,2020-01-01 20:33:00,0.047086,231.458,1.3737,50.002
sample_consumer_07,2020-01-01 20:36:00,0.07631,229.987,1.9611,49.998
sample_consumer_07,2020-01-01 20:39:00,0.046028,227.606,1.4123,49.969
sample_consumer_07,2020-01-01 20:42:00,0.064558,229.498,1.7722,49.96
sample_consumer_07,2020-01-01 20:45:00,0.062586,231.951,1.8211,49.975
sample_consumer_07,2020-01-01 20:48:00,0.027502,225.477,1.0115,50.014
sample_consumer_07,2020-01-01 20:51:00,0.049486,229.846,1.5142,49.968
sample_consumer_07,2020-01-01 20:54:00,0.063186,233.1,1.7832,50.022
sample_consumer_07,2020-01-01 20:57:00,0.042615,231.859,1.3073,49.973
sample_consumer_07,2020-01-01 21:00:00,0.066442,229.457,1.8498,50.003
sample_consumer_07,2020-01-01 21:03:00,0.034569,229.318,1.1834,50.024
sample_consumer_07,2020-01-01 21:06:00,0.02914,231.286,1.0747,49.984
sample_consumer_07,2020-01-01 21:09:00,0.043429,229.521,1.3691,50.015
sample_consumer_07,2020-01-01 21:12:00,0.058636,231.123,1.7216,49.97
sample_consumer_07,2020-01-01 21:15:00,0.044189,233.474,1.4062,49.977
sample_consumer_07,2020-01-01 21:18:00,0.062323,229.467,1.8471,50.01
sample_consumer_07,2020-01-01 21:21:00,0.028142,228.827,1.0574,50.045
sample_consumer_07,2020-01-01 21:24:00,0.041494,232.166,1.2939,49.948
sample_consumer_07,2020-01-01 21:27:00,0.068528,230.722,1.906,50.017
sample_consumer_07,2020-01-01 21:30:00,0.015526,228.383,0.7161,49.924
sample_consumer_07,2020-01-01 21:33:00,0.053856,225.978,1.6661,49.979
sample_consumer_07,2020-01-01 21:36:00,0.037237,233.573,1.3591,49.96
sample_consumer_07,2020-01-01 21:39:00,0.039253,233.871,1.3618,49.979
sample_consumer_07,2020-01-01 21:42:00,0.045033,229.771,1.4345,49.98
sample_consumer_07,2020-01-01 21:45:00,0.029196,231.084,1.08,49.945
sample_consumer_07,2020-01-01 21:48:00,0.062426,230.528,1.7846,50.034
sample_consumer_07,2020-01-01 21:51:00,0.057652,231.049,1.6217,50.012
sample_consumer_07,2020-01-01 21:54:00,0.066479,233.535,1.8562,49.98
sample_consumer_07,2020-01-01 21:57:00,0.051845,231.099,1.551,50.048
sample_consumer_07,2020-01-01 22:00:00,0.025252,229.93,1.042,50.026
sample_consumer_07,2020-01-01 22:03:00,0.040539,230.848,1.2633,50.009
sample_consumer_07,2020-01-01 22:06:00,0.021466,230.523,0.9537,50.011
sample_consumer_07,2020-01-01 22:09:00,0.025515,231.648,1.0002,49.981
sample_consumer_07,2020-01-01 22:12:00,0.054469,229.692,1.5506,50.008
sample_consumer_07,2020-01-01 22:15:00,0.044654,228.9,1.3639,49.943
sample_consumer_07,2020-01-01 22:18:00,0.038581,234.01,1.2828,50.003
sample_consumer_07,2020-01-01 22:21:00,0.048571,231.726,1.4947,50.003
sample_consumer_07,2020-01-01 22:24:00,0.031552,231.948,0.9801,50.009
sample_consumer_07,2020-01-01 22:27:00,0.039981,234.676,1.2728,49.988
sample_consumer_07,2020-01-01 22:30:00,0.026537,230.276,1.1072,49.98
sample_consumer_07,2020-01-01 22:33:00,0.031149,229.825,1.2148,49.98
sample_consumer_07,2020-01-01 22:36:00,0.035203,230.984,1.2273,50.088
sample_consumer_07,2020-01-01 22:39:00,0.048721,228.192,1.4676,50.036
sample_consumer_07,2020-01-01 22:42:00,0.027666,228.312,1.0222,50.026
sample_consumer_07,2020-01-01 22:45:00,0.044526,228.094,1.4796,49.978
sample_consumer_07,2020-01-01 22:48:00,0.034282,231.427,1.1844,50.018
sample_consumer_07,2020-01-01 22:51:00,0.017461,226.993,0.8889,49.994
sample_consumer_07,2020-01-01 22:54:00,0.015813,230.283,0.7473,49.952
sample_consumer_07,2020-01-01 22:57:00,0.027672,229.897,1.0203,50.031
sample_consumer_07,2020-01-01 23:00:00,0.044698,233.19,1.4718,49.963
sample_consumer_07,2020-01-01 23:03:00,0.036859,229.392,1.2765,49.979
sample_consumer_07,2020-01-01 23:06:00,0.051873,232.042,1.5484,50.017
sample_consumer_07,2020-01-01 23:09:00,0.036126,231.839,1.1473,49.999
sample_consumer_07,2020-01-01 23:12:00,0.048025,231.662,1.4846,49.909
sample_consumer_07,2020-01-01 23:15:00,0.036797,233.142,1.2635,49.948
sample_consumer_07,2020-01-01 23:18:00,0.02561,226.57,1.069,49.94
sample_consumer_07,2020-01-01 23:21:00,0.041267,231.045,1.2635,50.058
sample_consumer_07,2020-01-01 23:24:00,0.027226,229.453,0.9906,49.992
sample_consumer_07,2020-01-01 23:27:00,0.020799,229.445,0.9202,49.983
sample_consumer_07,2020-01-01 23:30:00,0.027153,232.844,1.0438,50.017
sample_consumer_07,2020-01-01 23:33:00,0.030639,229.031,1.0983,50.002
sample_consumer_07,2020-01-01 23:36:00,0.036799,228.816,1.2092,49.973
sample_consumer_07,2020-01-01 23:39:00,0.0426,232.649,1.3039,50.053
sample_consumer_07,2020-01-01 23:42:00,0.040268,226.18,1.3043,50.064
sample_consumer_07,2020-01-01 23:45:00,0.054544,232.891,1.535,50.013
sample_consumer_07,2020-01-01 23:48:00,0.015545,228.03,0.7913,49.968
sample_consumer_07,2020-01-01 23:51:00,0.032678,233.956,1.182,50.023
sample_consumer_07,2020-01-01 23:54:00,0.059336,228.637,1.6447,50.013
sample_consumer_07,2020-01-01 23:57:00,0.031418,231.37,1.1155,50.025
sample_consumer_07,2020-01-02 00:00:00,0.02231,230.836,1.0475,50.046
sample_consumer_07,2020-01-02 00:03:00,0.027165,230.434,0.9829,50.015
sample_consumer_07,2020-01-02 00:06:00,0.025096,231.3,0.9754,50.029
sample_consumer_07,2020-01-02 00:09:00,0.029694,230.204,1.1018,50.017
sample_consumer_07,2020-01-02 00:12:00,0.051126,232.485,1.5871,49.976
sample_consumer_07,2020-01-02 00:15:00,0.020992,231.518,0.9577,49.977
sample_consumer_07,2020-01-02 00:18:00,0.027761,226.648,1.1187,49.973
sample_consumer_07,2020-01-02 00:21:00,0.048131,224.801,1.5034,49.988
sample_consumer_07,2020-01-02 00:24:00,0.037332,234.879,1.2127,49.96
sample_consumer_07,2020-01-02 00:27:00,0.037652,225.538,1.2266,50.0
sample_consumer_07,2020-01-02 00:30:00,0.030845,230.335,1.1135,50.046
sample_consumer_07,2020-01-02 00:33:00,0.043561,228.946,1.3817,49.988
sample_consumer_07,2020-01-02 00:36:00,0.024672,228.862,1.0491,50.015
sample_consumer_07,2020-01-02 00:39:00,0.043712,228.331,1.3546,49.985
sample_consumer_07,2020-01-02 00:42:00,0.035672,234.45,1.2303,49.979
sample_consumer_07,2020-01-02 00:45:00,0.03268,232.133,1.1956,50.0
sample_consumer_07,2020-01-02 00:48:00,0.029334,227.919,1.0075,49.997
sample_consumer_07,2020-01-02 00:51:00,0.04366,231.557,1.3883,49.948
sample_consumer_07,2020-01-02 00:54:00,0.037757,230.563,1.2585,49.985
sample_consumer_07,2020-01-02 00:57:00,0.030726,234.213,1.0956,49.985
sample_consumer_07,2020-01-02 01:00:00,0.03565,230.338,1.1879,50.009
sample_consumer_07,2020-01-02 01:03:00,0.024397,226.655,0.8788,49.987
sample_consumer_07,2020-01-02 01:06:00,0.046846,233.67,1.3631,49.947
sample_consumer_07,2020-01-02 01:09:00,0.047846,233.863,1.4536,49.976
sample_consumer_07,2020-01-02 01:12:00,0.045465,234.023,1.3736,49.962
sample_consumer_07,2020-01-02 01:15:00,0.037337,231.717,1.2966,49.982
sample_consumer_07,2020-01-02 01:18:00,0.03948,226.197,1.2431,50.002
sample_consumer_07,2020-01-02 01:21:00,0.02147,227.811,0.8871,49.962
sample_consumer_07,2020-01-02 01:24:00,0.031034,229.352,1.1652,50.006
sample_consumer_07,2020-01-02 01:27:00,0.032226,230.299,1.1402,50.05
sample_consumer_07,2020-01-02 01:30:00,0.033306,229.057,1.2079,49.996
sample_consumer_07,2020-01-02 01:33:00,0.040667,231.061,1.2766,49.993
sample_consumer_07,2020-01-02 01:36:00,0.030354,227.537,1.0568,49.978
sample_consumer_07,2020-01-02 01:39:00,0.027482,228.654,1.1077,50.009
sample_consumer_07,2020-01-02 01:42:00,0.04617,228.159,1.4602,50.027
sample_consumer_07,2020-01-02 01:45:00,0.031587,229.368,1.0734,50.012
sample_consumer_07,2020-01-02 01:48:00,0.028398,226.471,1.0254,49.99
sample_consumer_07,2020-01-02 01:51:00,0.015175,233.899,0.9127,50.065
sample_consumer_07,2020-01-02 01:54:00,0.021434,227.606,0.9395,50.026
sample_consumer_07,2020-01-02 01:57:00,0.032336,228.362,1.2672,50.002
sample_consumer_07,2020-01-02 02:00:00,0.037158,230.678,1.2508,49.949
sample_consumer_07,2020-01-02 02:03:00,0.01739,228.065,0.848,50.02
sample_consumer_07,2020-01-02 02:06:00,0.034351,231.727,1.2123,50.004
sample_consumer_07,2020-01-02 02:09:00,0.03766,231.664,1.3226,49.967
sample_consumer_07,2020-01-02 02:12:00,0.029642,231.879,1.0947,50.009
sample_consumer_07,2020-01-02 02:15:00,0.035026,228.179,1.1909,50.026
sample_consumer_07,2020-01-02 02:18:00,0.048021,227.985,1.4494,50.067
sample_consumer_07,2020-01-02 02:21:00,0.027276,228.952,1.0304,50.051
sample_consumer_07,2020-01-02 02:24:00,0.018179,228.712,0.8841,49.968
sample_consumer_07,2020-01-02 02:27:00,0.030816,229.69,1.1897,50.003
sample_consumer_07,2020-01-02 02:30:00,0.02597,230.246,1.0475,50.039
sample_consumer_07,2020-01-02 02:33:00,0.033973,229.657,1.1521,50.026
sample_consumer_07,2020-01-02 02:36:00,0.041134,228.744,1.3116,49.989
sample_consumer_07,2020-01-02 02:39:00,0.042983,232.135,1.3257,49.921
sample_consumer_07,2020-01-02 02:42:00,0.037525,232.339,1.2493,49.991
sample_consumer_07,2020-01-02 02:45:00,0.047902,231.553,1.3887,49.985
sample_consumer_07,2020-01-02 02:48:00,0.037911,231.03,1.2983,49.967
sample_consumer_07,2020-01-02 02:51:00,0.044297,230.766,1.3949,50.021
sample_consumer_07,2020-01-02 02:54:00,0.0378,233.222,1.235,50.032
sample_consumer_07,2020-01-02 02:57:00,0.037069,228.69,1.2383,49.98
sample_consumer_07,2020-01-02 03:00:00,0.029556,227.291,1.0891,49.998
sample_consumer_07,2020-01-02 03:03:00,0.034442,229.484,1.1974,49.984
sample_consumer_07,2020-01-02 03:06:00,0.028897,229.778,1.0826,50.029
sample_consumer_07,2020-01-02 03:09:00,0.031564,229.194,1.179,50.054
sample_consumer_07,2020-01-02 03:12:00,0.035108,229.309,1.2415,49.991
sample_consumer_07,2020-01-02 03:15:00,0.045493,229.366,1.3111,50.031
sample_consumer_07,2020-01-02 03:18:00,0.031947,230.496,1.1521,50.017
sample_consumer_07,2020-01-02 03:21:00,0.040368,228.43,1.4156,49.966
sample_consumer_07,2020-01-02 03:24:00,0.022517,227.782,0.9203,49.971
sample_consumer_07,2020-01-02 03:27:00,0.031638,229.707,1.1513,50.016
sample_consumer_07,2020-01-02 03:30:00,0.046641,230.927,1.4118,49.938
sample_consumer_07,2020-01-02 03:33:00,0.037722,229.53,1.1754,49.988
sample_consumer_07,2020-01-02 03:36:00,0.016963,227.291,0.8985,50.023
sample_consumer_07,2020-01-02 03:39:00,0.034102,229.851,1.2176,49.953
sample_consumer_07,2020-01-02 03:42:00,0.032031,228.772,1.0329,49.996
sample_consumer_07,2020-01-02 03:45:00,0.023001,230.906,0.9471,49.956
sample_consumer_07,2020-01-02 03:48:00,0.01751,228.983,0.8758,50.009
sample_consumer_07,2020-01-02 03:51:00,0.02525,229.88,1.0354,49.98
sample_consumer_07,2020-01-02 03:54:00,0.02413,231.871,0.9112,50.023
sample_consumer_07,2020-01-02 03:57:00,0.041242,230.261,1.3584,49.98
sample_consumer_07,2020-01-02 04:00:00,0.039937,229.828,1.3057,50.009
sample_consumer_07,2020-01-02 04:03:00,0.040536,229.456,1.242,49.978
sample_consumer_07,2020-01-02 04:06:00,0.044764,228.351,1.382,49.999
sample_consumer_07,2020-01-02 04:09:00,0.013472,231.148,0.801,49.981
sample_consumer_07,2020-01-02 04:12:00,0.031747,227.151,1.1827,50.03
sample_consumer_07,2020-01-02 04:15:00,0.037656,228.697,1.2445,50.025
sample_consumer_07,2020-01-02 04:18:00,0.027965,227.942,1.1272,50.007
sample_consumer_07,2020-01-02 04:21:00,0.028366,230.995,1.0676,49.972
sample_consumer_07,2020-01-02 04:24:00,0.026721,234.673,1.0528,50.048
sample_consumer_07,2020-01-02 04:27:00,0.035995,227.452,1.2599,50.038
sample_consumer_07,2020-01-02 04:30:00,0.033836,231.43,1.1307,50.009
sample_consumer_07,2020-01-02 04:33:00,0.046196,229.941,1.4282,49.999
sample_consumer_07,2020-01-02 04:36:00,0.038156,234.231,1.207,49.947
sample_consumer_07,2020-01-02 04:39:00,0.036429,224.955,1.1538,50.015
sample_consumer_07,2020-01-02 04:42:00,0.034179,228.238,1.1516,50.015
sample_consumer_07,2020-01-02 04:45:00,0.026857,231.279,1.0003,49.98
sample_consumer_07,2020-01-02 04:48:00,0.035583,230.151,1.208,49.988
sample_consumer_07,2020-01-02 04:51:00,0.042305,231.009,1.3725,50.004
sample_consumer_07,2020-01-02 04:54:00,0.038924,226.427,1.2748,50.014
sample_consumer_07,2020-01-02 04:57:00,0.024188,229.51,0.9505,49.97
sample_consumer_07,2020-01-02 05:00:00,0.019915,228.789,0.9095,49.965
sample_consumer_07,2020-01-02 05:03:00,0.041121,234.518,1.2753,50.026
sample_consumer_07,2020-01-02 05:06:00,0.036245,230.936,1.2233,50.052
sample_consumer_07,2020-01-02 05:09:00,0.037219,231.01,1.3031,50.061
sample_consumer_07,2020-01-02 05:12:00,0.026219,229.619,1.0185,49.962
sample_consumer_07,2020-01-02 05:15:00,0.041587,233.222,1.2287,50.014
sample_consumer_07,2020-01-02 05:18:00,0.041405,230.432,1.2067,49.975
sample_consumer_07,2020-01-02 05:21:00,0.032024,230.945,1.1832,50.016
sample_consumer_07,2020-01-02 05:24:00,0.039988,228.2,1.3335,50.036
sample_consumer_07,2020-01-02 05:27:00,0.025699,232.178,1.0119,50.009
sample_consumer_07,2020-01-02 05:30:00,0.03367,232.076,1.2271,49.927
sample_consumer_07,2020-01-02 05:33:00,0.015268,227.896,0.8264,49.984
sample_consumer_07,2020-01-02 05:36:00,0.03175,228.459,1.1635,49.987
sample_consumer_07,2020-01-02 05:39:00,0.058091,230.849,1.6189,50.017
sample_consumer_07,2020-01-02 05:42:00,0.041287,229.679,1.3846,49.951
sample_consumer_07,2020-01-02 05:45:00,0.051059,228.17,1.6156,50.029
sample_consumer_07,2020-01-02 05:48:00,0.040156,230.379,1.3814,49.977
sample_consumer_07,2020-01-02 05:51:00,0.03694,231.481,1.2499,50.021
sample_consumer_07,2020-01-02 05:54:00,0.0368,230.021,1.256,49.943
sample_consumer_07,2020-01-02 05:57:00,0.030871,229.115,1.1787,50.088
sample_consumer_07,2020-01-02 06:00:00,0.053321,230.856,1.5534,50.006
sample_consumer_07,2020-01-02 06:03:00,0.035414,229.605,1.2569,49.992
sample_consumer_07,2020-01-02 06:06:00,0.045019,229.413,1.368,49.987
sample_consumer_07,2020-01-02 06:09:00,0.084501,230.919,2.2623,50.019
sample_consumer_07,2020-01-02 06:12:00,0.050641,232.931,1.5801,49.979
sample_consumer_07,2020-01-02 06:15:00,0.038673,232.82,1.3497,49.991
sample_consumer_07,2020-01-02 06:18:00,0.05758,230.526,1.6812,50.001
sample_consumer_07,2020-01-02 06:21:00,0.049837,229.526,1.4447,50.037
sample_consumer_07,2020-01-02 06:24:00,0.041293,230.202,1.345,49.977
sample_consumer_07,2020-01-02 06:27:00,0.030851,230.709,1.1344,49.976
sample_consumer_07,2020-01-02 06:30:00,0.042512,231.52,1.3465,49.966
sample_consumer_07,2020-01-02 06:33:00,0.039096,229.717,1.2838,49.968
sample_consumer_07,2020-01-02 06:36:00,0.045131,230.055,1.509,49.965
sample_consumer_07,2020-01-02 06:39:00,0.049207,230.794,1.5088,50.002
sample_consumer_07,2020-01-02 06:42:00,0.048049,228.069,1.5188,50.01
sample_consumer_07,2020-01-02 06:45:00,0.032986,230.04,1.1937,49.958
sample_consumer_07,2020-01-02 06:48:00,0.050873,230.682,1.493,50.044
sample_consumer_07,2020-01-02 06:51:00,0.049488,231.698,1.5132,50.025
sample_consumer_07,2020-01-02 06:54:00,0.026423,230.661,1.0212,49.994
sample_consumer_07,2020-01-02 06:57:00,0.04845,228.884,1.5193,49.982
sample_consumer_07,2020-01-02 07:00:00,0.043374,227.549,1.3338,49.991
sample_consumer_07,2020-01-02 07:03:00,0.049035,228.37,1.4288,49.984
sample_consumer_07,2020-01-02 07:06:00,0.030895,227.168,1.1217,49.941
sample_consumer_07,2020-01-02 07:09:00,0.040292,227.62,1.3209,50.012
sample_consumer_07,2020-01-02 07:12:00,0.04127,228.38,1.3062,49.981
sample_consumer_07,2020-01-02 07:15:00,0.028984,228.759,1.0625,50.015
sample_consumer_07,2020-01-02 07:18:00,0.050446,230.997,1.5193,50.031
sample_consumer_07,2020-01-02 07:21:00,0.040451,229.377,1.3105,49.989
sample_consumer_07,2020-01-02 07:24:00,0.048887,229.513,1.4659,50.0
sample_consumer_07,2020-01-02 07:27:00,0.031773,230.189,1.1819,50.015
sample_consumer_07,2020-01-02 07:30:00,0.026887,228.215,1.0489,49.997
sample_consumer_07,2020-01-02 07:33:00,0.029835,227.234,1.1447,49.996
sample_consumer_07,2020-01-02 07:36:00,0.017239,228.517,0.8745,49.996
sample_consumer_07,2020-01-02 07:39:00,0.034536,227.707,1.1566,50.036
sample_consumer_07,2020-01-02 07:42:00,0.048926,232.936,1.4745,50.005
sample_consumer_07,2020-01-02 07:45:00,0.062005,232.932,1.7917,49.988
sample_consumer_07,2020-01-02 07:48:00,0.058645,229.755,1.6876,50.039
sample_consumer_07,2020-01-02 07:51:00,0.060475,230.672,1.7973,49.986
sample_consumer_07,2020-01-02 07:54:00,0.060416,232.987,1.7122,50.004
sample_consumer_07,2020-01-02 07:57:00,0.070904,232.904,1.9103,50.007
sample_consumer_07,2020-01-02 08:00:00,0.046805,232.125,1.3894,50.013
sample_consumer_07,2020-01-02 08:03:00,0.056149,231.541,1.5319,50.021
sample_consumer_07,2020-01-02 08:06:00,0.052527,232.393,1.5048,49.98
sample_consumer_07,2020-01-02 08:09:00,0.01243,227.806,0.8319,50.016
sample_consumer_07,2020-01-02 08:12:00,0.046467,225.832,1.3486,49.939
sample_consumer_07,2020-01-02 08:15:00,0.045226,228.34,1.4814,50.014
sample_consumer_07,2020-01-02 08:18:00,0.049268,230.913,1.5283,49.986
sample_consumer_07,2020-01-02 08:21:00,0.038085,228.121,1.1568,49.99
sample_consumer_07,2020-01-02 08:24:00,0.035282,229.08,1.1724,50.025
sample_consumer_07,2020-01-02 08:27:00,0.038065,229.963,1.3205,50.026
sample_consumer_07,2020-01-02 08:30:00,0.053571,229.837,1.6349,49.948
sample_consumer_07,2020-01-02 08:33:00,0.050196,227.77,1.5439,49.989
sample_consumer_07,2020-01-02 08:36:00,0.062912,229.529,1.7773,50.015
sample_consumer_07,2020-01-02 08:39:00,0.028612,231.809,1.128,49.956
sample_consumer_07,2020-01-02 08:42:00,0.058469,231.208,1.694,49.967
sample_consumer_07,2020-01-02 08:45:00,0.068169,229.961,1.7731,49.97
sample_consumer_07,2020-01-02 08:48:00,0.033002,229.577,1.1248,50.009
sample_consumer_07,2020-01-02 08:51:00,0.045324,232.917,1.3274,50.007
sample_consumer_07,2020-01-02 08:54:00,0.024352,233.34,0.9741,49.984
sample_consumer_07,2020-01-02 08:57:00,0.009303,227.961,0.7681,50.0
sample_consumer_07,2020-01-02 09:00:00,0.026967,228.716,0.986,50.009
sample_consumer_07,2020-01-02 09:03:00,0.044405,228.947,1.2965,50.006
sample_consumer_07,2020-01-02 09:06:00,0.04657,231.177,1.4517,49.977
sample_consumer_07,2020-01-02 09:09:00,0.038927,229.935,1.1573,50.041
sample_consumer_07,2020-01-02 09:12:00,0.051891,229.303,1.5266,50.03
sample_consumer_07,2020-01-02 09:15:00,0.048241,233.264,1.4735,50.022
sample_consumer_07,2020-01-02 09:18:00,0.067615,230.909,1.9287,49.958
sample_consumer_07,2020-01-02 09:21:00,0.025915,228.282,1.0383,49.998
sample_consumer_07,2020-01-02 09:24:00,0.032611,229.998,1.2478,49.969
sample_consumer_07,2020-01-02 09:27:00,0.036228,229.72,1.1981,49.975
sample_consumer_07,2020-01-02 09:30:00,0.0355,232.989,1.2406,49.972
sample_consumer_07,2020-01-02 09:33:00,0.037679,226.134,1.2083,50.024
sample_consumer_07,2020-01-02 09:36:00,0.073772,229.867,2.0034,50.037
sample_consumer_07,2020-01-02 09:39:00,0.039118,230.344,1.3317,50.04
sample_consumer_07,2020-01-02 09:42:00,0.051946,232.421,1.5071,50.027
sample_consumer_07,2020-01-02 09:45:00,0.02567,229.98,1.0163,50.018
sample_consumer_07,2020-01-02 09:48:00,0.034801,231.516,1.1998,50.019
sample_consumer_07,2020-01-02 09:51:00,0.054498,231.566,1.6733,49.992
sample_consumer_07,2020-01-02 09:54:00,0.056335,226.503,1.6306,49.994
sample_consumer_07,2020-01-02 09:57:00,0.023233,228.788,0.9525,49.944
sample_consumer_07,2020-01-02 10:00:00,0.07039,228.656,1.8956,50.03
sample_consumer_07,2020-01-02 10:03:00,0.049139,230.096,1.3526,49.979
sample_consumer_07,2020-01-02 10:06:00,0.033977,227.281,1.1598,49.989
sample_consumer_07,2020-01-02 10:09:00,0.049732,230.677,1.5195,49.98
sample_consumer_07,2020-01-02 10:12:00,0.035608,229.212,1.1897,49.979
sample_consumer_07,2020-01-02 10:15:00,0.025229,230.299,0.9905,50.021
sample_consumer_07,2020-01-02 10:18:00,0.046175,225.297,1.4305,50.016
sample_consumer_07,2020-01-02 10:21:00,0.054371,230.498,1.6338,49.967
sample_consumer_07,2020-01-02 10:24:00,0.057477,230.405,1.661,50.044
sample_consumer_07,2020-01-02 10:27:00,0.022477,226.99,0.9583,49.996
sample_consumer_07,2020-01-02 10:30:00,0.031576,229.341,1.1442,49.982
sample_consumer_07,2020-01-02 10:33:00,0.041265,230.884,1.2768,49.962
sample_consumer_07,2020-01-02 10:36:00,0.057246,233.966,1.5885,50.021
sample_consumer_07,2020-01-02 10:39:00,0.060497,228.503,1.6537,50.021
sample_consumer_07,2020-01-02 10:42:00,0.038606,229.892,1.2844,50.031
sample_consumer_07,2020-01-02 10:45:00,0.028201,228.094,1.0088,49.944
sample_consumer_07,2020-01-02 10:48:00,0.05101,230.849,1.5484,49.996
sample_consumer_07,2020-01-02 10:51:00,0.037605,226.956,1.2067,49.965
sample_consumer_07,2020-01-02 10:54:00,0.049217,228.493,1.4751,50.028
sample_consumer_07,2020-01-02 10:57:00,0.057286,229.963,1.6948,50.04
sample_consumer_07,2020-01-02 11:00:00,0.051655,229.722,1.649,49.974
sample_consumer_07,2020-01-02 11:03:00,0.030834,228.961,1.1348,49.946
sample_consumer_07,2020-01-02 11:06:00,0.027951,228.929,0.9511,49.997
sample_consumer_07,2020-01-02 11:09:00,0.024479,228.343,0.9716,50.023
sample_consumer_07,2020-01-02 11:12:00,0.053363,231.524,1.5908,49.989
sample_consumer_07,2020-01-02 11:15:00,0.058341,229.708,1.7002,49.942
sample_consumer_07,2020-01-02 11:18:00,0.030402,226.977,1.0651,50.021
sample_consumer_07,2020-01-02 11:21:00,0.036779,230.654,1.1315,49.982
sample_consumer_07,2020-01-02 11:24:00,0.031493,230.782,1.1216,50.045
sample_consumer_07,2020-01-02 11:27:00,0.041719,232.377,1.2945,50.054
sample_consumer_07,2020-01-02 11:30:00,0.032519,233.304,1.1055,49.953
sample_consumer_07,2020-01-02 11:33:00,0.032466,229.848,1.0586,50.032
sample_consumer_07,2020-01-02 11:36:00,0.059591,232.638,1.6895,49.982
sample_consumer_07,2020-01-02 11:39:00,0.055248,230.457,1.5029,49.997
sample_consumer_07,2020-01-02 11:42:00,0.04377,231.107,1.3375,50.03
sample_consumer_07,2020-01-02 11:45:00,0.05801,228.984,1.6397,49.995
sample_consumer_07,2020-01-02 11:48:00,0.035633,229.869,1.1864,50.005
sample_consumer_07,2020-01-02 11:51:00,0.049283,229.207,1.4763,49.965
sample_consumer_07,2020-01-02 11:54:00,0.031174,225.851,1.1874,50.043
sample_consumer_07,2020-01-02 11:57:00,0.033566,229.3,1.2429,50.054
sample_consumer_07,2020-01-02 12:00:00,0.058121,226.821,1.648,50.063
sample_consumer_07,2020-01-02 12:03:00,0.028842,230.465,1.0276,50.029
sample_consumer_07,2020-01-02 12:06:00,0.039366,225.004,1.2206,49.985
sample_consumer_07,2020-01-02 12:09:00,0.029178,230.188,1.0203,50.014
sample_consumer_07,2020-01-02 12:12:00,0.028038,226.435,1.0085,49.963
sample_consumer_07,2020-01-02 12:15:00,0.044878,228.071,1.4256,49.967
sample_consumer_07,2020-01-02 12:18:00,0.045504,229.339,1.4236,49.992
sample_consumer_07,2020-01-02 12:21:00,0.024308,230.618,0.9263,50.006
sample_consumer_07,2020-01-02 12:24:00,0.073508,227.782,1.9264,49.999
sample_consumer_07,2020-01-02 12:27:00,0.064911,229.642,1.8502,50.029
sample_consumer_07,2020-01-02 12:30:00,0.032219,231.889,1.046,49.987
sample_consumer_07,2020-01-02 12:33:00,0.049854,229.642,1.5104,50.011
sample_consumer_07,2020-01-02 12:36:00,0.046391,230.903,1.4746,49.954
sample_consumer_07,2020-01-02 12:39:00,0.035786,229.77,1.1815,50.018
sample_consumer_07,2020-01-02 12:42:00,0.02693,232.219,1.0611,49.98
sample_consumer_07,2020-01-02 12:45:00,0.044398,231.492,1.4049,49.99
sample_consumer_07,2020-01-02 12:48:00,0.041805,232.36,1.3343,50.013
sample_consumer_07,2020-01-02 12:51:00,0.060285,229.718,1.6414,49.999
sample_consumer_07,2020-01-02 12:54:00,0.046355,229.452,1.4146,49.958
sample_consumer_07,2020-01-02 12:57:00,0.030679,224.017,1.0428,50.023
sample_consumer_07,2020-01-02 13:00:00,0.035029,227.577,1.1415,49.955
sample_consumer_07,2020-01-02 13:03:00,0.043942,227.711,1.4344,49.989
sample_consumer_07,2020-01-02 13:06:00,0.057221,231.679,1.6155,50.0
sample_consumer_07,2020-01-02 13:09:00,0.028595,228.936,0.983,50.011
sample_consumer_07,2020-01-02 13:12:00,0.047713,227.737,1.4855,49.999
sample_consumer_07,2020-01-02 13:15:00,0.061778,229.295,1.7875,50.01
sample_consumer_07,2020-01-02 13:18:00,0.024952,228.361,1.0551,50.048
sample_consumer_07,2020-01-02 13:21:00,0.06334,227.576,1.7943,49.976
sample_consumer_07,2020-01-02 13:24:00,0.037027,227.29,1.2519,50.03
sample_consumer_07,2020-01-02 13:27:00,0.043707,231.739,1.2475,49.965
sample_consumer_07,2020-01-02 13:30:00,0.037335,232.813,1.2793,49.983
sample_consumer_07,2020-01-02 13:33:00,0.049423,229.568,1.4441,49.969
sample_consumer_07,2020-01-02 13:36:00,0.051205,230.415,1.5102,49.948
sample_consumer_07,2020-01-02 13:39:00,0.051644,231.555,1.5667,50.046
sample_consumer_07,2020-01-02 13:42:00,0.082027,228.941,2.1614,50.004
sample_consumer_07,2020-01-02 13:45:00,0.011409,230.437,0.7328,50.024
sample_consumer_07,2020-01-02 13:48:00,0.037858,227.233,1.3167,49.981
sample_consumer_07,2020-01-02 13:51:00,0.027023,225.776,1.1233,49.999
sample_consumer_07,2020-01-02 13:54:00,0.041825,228.193,1.3102,50.035
sample_consumer_07,2020-01-02 13:57:00,0.035223,231.978,1.17,50.007
sample_consumer_07,2020-01-02 14:00:00,0.041221,229.532,1.4354,49.976
sample_consumer_07,2020-01-02 14:03:00,0.04434,227.195,1.4366,49.975
sample_consumer_07,2020-01-02 14:06:00,0.036843,230.608,1.2393,49.989
sample_consumer_07,2020-01-02 14:09:00,0.057155,232.217,1.6094,50.065
sample_consumer_07,2020-01-02 14:12:00,0.025131,227.941,1.0321,50.051
sample_consumer_07,2020-01-02 14:15:00,0.037775,231.008,1.3533,49.966
sample_consumer_07,2020-01-02 14:18:00,0.045202,234.169,1.38,49.998
sample_consumer_07,2020-01-02 14:21:00,0.063128,229.111,1.8028,50.007
sample_consumer_07,2020-01-02 14:24:00,0.027029,230.093,0.9955,50.013
sample_consumer_07,2020-01-02 14:27:00,0.028449,228.386,1.1268,49.94
sample_consumer_07,2020-01-02 14:30:00,0.051958,226.948,1.5569,50.008
sample_consumer_07,2020-01-02 14:33:00,0.046038,227.101,1.511,50.017
sample_consumer_07,2020-01-02 14:36:00,0.025917,231.763,1.0553,49.98
sample_consumer_07,2020-01-02 14:39:00,0.060395,230.83,1.7258,50.013
sample_consumer_07,2020-01-02 14:42:00,0.048484,229.453,1.4446,50.042
sample_consumer_07,2020-01-02 14:45:00,0.040692,233.872,1.2798,49.995
sample_consumer_07,2020-01-02 14:48:00,0.040669,229.19,1.3054,50.01
sample_consumer_07,2020-01-02 14:51:00,0.046446,230.179,1.4702,50.031
sample_consumer_07,2020-01-02 14:54:00,0.040287,231.487,1.3205,49.995
sample_consumer_07,2020-01-02 14:57:00,0.049474,228.63,1.5141,49.996
sample_consumer_07,2020-01-02 15:00:00,0.049554,227.906,1.5115,50.012
sample_consumer_07,2020-01-02 15:03:00,0.030655,228.877,1.1673,49.956
sample_consumer_07,2020-01-02 15:06:00,0.024502,227.734,1.0844,49.936
sample_consumer_07,2020-01-02 15:09:00,0.066255,230.196,1.8475,50.014
sample_consumer_07,2020-01-02 15:12:00,0.038143,230.372,1.3147,49.999
sample_consumer_07,2020-01-02 15:15:00,0.068003,228.713,1.7958,50.003
sample_consumer_07,2020-01-02 15:18:00,0.047214,225.646,1.3577,49.998
sample_consumer_07,2020-01-02 15:21:00,0.010007,228.745,0.6618,50.04
sample_consumer_07,2020-01-02 15:24:00,0.048897,227.197,1.5114,50.03
sample_consumer_07,2020-01-02 15:27:00,0.033782,228.947,1.1285,50.015
sample_consumer_07,2020-01-02 15:30:00,0.01565,230.482,0.7626,50.035
sample_consumer_07,2020-01-02 15:33:00,0.045064,232.897,1.442,49.982
sample_consumer_07,2020-01-02 15:36:00,0.030463,232.602,1.1136,49.961
sample_consumer_07,2020-01-02 15:39:00,0.042335,227.192,1.3466,50.022
sample_consumer_07,2020-01-02 15:42:00,0.060172,230.194,1.676,49.94
sample_consumer_07,2020-01-02 15:45:00,0.055392,228.753,1.6475,49.97
sample_consumer_07,2020-01-02 15:48:00,0.045772,230.313,1.4332,49.937
sample_consumer_07,2020-01-02 15:51:00,0.046128,233.497,1.4279,49.982
sample_consumer_07,2020-01-02 15:54:00,0.046145,231.316,1.3772,50.015
sample_consumer_07,2020-01-02 15:57:00,0.036221,230.811,1.1666,49.986
sample_consumer_07,2020-01-02 16:00:00,0.031628,229.1,1.2168,49.963
sample_consumer_07,2020-01-02 16:03:00,0.038878,228.631,1.2518,49.983
sample_consumer_07,2020-01-02 16:06:00,0.046605,229.413,1.4162,49.973
sample_consumer_07,2020-01-02 16:09:00,0.034161,231.252,1.157,50.045
sample_consumer_07,2020-01-02 16:12:00,0.041398,233.198,1.2683,50.025
sample_consumer_07,2020-01-02 16:15:00,0.04477,231.244,1.3402,49.988
sample_consumer_07,2020-01-02 16:18:00,0.032262,229.713,1.1631,50.032
sample_consumer_07,2020-01-02 16:21:00,0.05824,229.937,1.5684,50.015
sample_consumer_07,2020-01-02 16:24:00,0.06128,231.59,1.7809,50.011
sample_consumer_07,2020-01-02 16:27:00,0.046896,233.517,1.3681,49.983
sample_consumer_07,2020-01-02 16:30:00,0.032065,234.158,1.052,50.028
sample_consumer_07,2020-01-02 16:33:00,0.018903,228.188,0.7746,50.007
sample_consumer_07,2020-01-02 16:36:00,0.011474,227.211,0.7309,49.989
sample_consumer_07,2020-01-02 16:39:00,0.059727,231.954,1.804,49.995
sample_consumer_07,2020-01-02 16:42:00,0.047117,231.799,1.4929,49.978
sample_consumer_07,2020-01-02 16:45:00,0.036621,232.233,1.2632,49.954
sample_consumer_07,2020-01-02 16:48:00,0.024847,233.541,0.9866,49.974
sample_consumer_07,2020-01-02 16:51:00,0.04208,229.706,1.3815,50.013
sample_consumer_07,2020-01-02 16:54:00,0.056611,231.76,1.6497,49.994
sample_consumer_07,2020-01-02 16:57:00,0.048488,227.931,1.4841,50.046
sample_consumer_07,2020-01-02 17:00:00,0.030725,232.627,1.1372,49.994
sample_consumer_07,2020-01-02 17:03:00,0.083972,229.832,2.2699,49.972
sample_consumer_07,2020-01-02 17:06:00,0.051334,229.768,1.5907,50.021
sample_consumer_07,2020-01-02 17:09:00,0.027814,227.793,1.1456,50.003
sample_consumer_07,2020-01-02 17:12:00,0.049477,232.873,1.4952,49.987
sample_consumer_07,2020-01-02 17:15:00,0.049744,231.966,1.5599,49.983
sample_consumer_07,2020-01-02 17:18:00,0.054055,231.359,1.6257,49.994
sample_consumer_07,2020-01-02 17:21:00,0.049303,227.318,1.4288,49.986
sample_consumer_07,2020-01-02 17:24:00,0.028257,228.496,1.03,50.041
sample_consumer_07,2020-01-02 17:27:00,0.049583,232.194,1.5409,50.015
sample_consumer_07,2020-01-02 17:30:00,0.033979,229.728,1.1887,49.99
sample_consumer_07,2020-01-02 17:33:00,0.046346,230.38,1.4839,49.99
sample_consumer_07,2020-01-02 17:36:00,0.043993,230.692,1.3933,49.986
sample_consumer_07,2020-01-02 17:39:00,0.053458,229.139,1.5743,50.031
sample_consumer_07,2020-01-02 17:42:00,0.047703,232.197,1.4222,50.01
sample_consumer_07,2020-01-02 17:45:00,0.040418,225.94,1.2174,49.968
sample_consumer_07,2020-01-02 17:48:00,0.079444,233.285,2.1406,49.984
sample_consumer_07,2020-01-02 17:51:00,0.040383,233.164,1.2871,49.962
sample_consumer_07,2020-01-02 17:54:00,0.040029,230.931,1.2982,50.013
sample_consumer_07,2020-01-02 17:57:00,0.050816,231.54,1.4892,50.0
sample_consumer_07,2020-01-02 18:00:00,0.055503,229.746,1.6407,50.068
sample_consumer_07,2020-01-02 18:03:00,0.06259,233.713,1.7403,49.997
sample_consumer_07,2020-01-02 18:06:00,0.028003,228.796,1.0337,49.987
sample_consumer_07,2020-01-02 18:09:00,0.040644,228.058,1.2876,49.992
sample_consumer_07,2020-01-02 18:12:00,0.064291,230.854,1.7616,49.954
sample_consumer_07,2020-01-02 18:15:00,0.052455,228.944,1.5506,50.006
sample_consumer_07,2020-01-02 18:18:00,0.052703,229.335,1.576,49.972
sample_consumer_07,2020-01-02 18:21:00,0.028342,233.304,0.9371,49.987
sample_consumer_07,2020-01-02 18:24:00,0.028146,225.892,1.0203,50.023
sample_consumer_07,2020-01-02 18:27:00,0.036728,231.378,1.2235,50.007
sample_consumer_07,2020-01-02 18:30:00,0.051671,227.81,1.5876,49.993
sample_consumer_07,2020-01-02 18:33:00,0.059572,230.316,1.7313,50.013
sample_consumer_07,2020-01-02 18:36:00,0.061179,230.941,1.697,49.958
sample_consumer_07,2020-01-02 18:39:00,0.021585,230.61,0.8858,49.981
sample_consumer_07,2020-01-02 18:42:00,0.047449,226.827,1.4501,50.019
sample_consumer_07,2020-01-02 18:45:00,0.049479,230.075,1.4454,49.989
sample_consumer_07,2020-01-02 18:48:00,0.042523,231.154,1.3836,50.013
sample_consumer_07,2020-01-02 18:51:00,0.042774,233.914,1.4413,50.018
sample_consumer_07,2020-01-02 18:54:00,0.03317,230.617,1.2228,50.041
sample_consumer_07,2020-01-02 18:57:00,0.043208,227.52,1.4144,50.032
sample_consumer_07,2020-01-02 19:00:00,0.014682,228.34,0.7586,50.046
sample_consumer_07,2020-01-02 19:03:00,0.066453,228.066,1.7324,50.02
sample_consumer_07,2020-01-02 19:06:00,0.051096,232.565,1.4711,49.964
sample_consumer_07,2020-01-02 19:09:00,0.069183,231.617,1.9104,50.009
sample_consumer_07,2020-01-02 19:12:00,0.036641,226.649,1.3313,49.952
sample_consumer_07,2020-01-02 19:15:00,0.023722,228.839,1.0353,49.976
sample_consumer_07,2020-01-02 19:18:00,0.073765,232.698,1.9988,49.994
sample_consumer_07,2020-01-02 19:21:00,0.017374,228.177,0.8129,50.004
sample_consumer_07,2020-01-02 19:24:00,0.030737,231.068,1.1427,49.998
sample_consumer_07,2020-01-02 19:27:00,0.059038,229.306,1.6506,49.991
sample_consumer_07,2020-01-02 19:30:00,0.068327,230.432,1.8039,49.967
sample_consumer_07,2020-01-02 19:33:00,0.038442,228.995,1.2336,49.926
sample_consumer_07,2020-01-02 19:36:00,0.045228,227.168,1.3608,50.003
sample_consumer_07,2020-01-02 19:39:00,0.044509,227.985,1.4747,49.999
sample_consumer_07,2020-01-02 19:42:00,0.055856,230.852,1.589,50.038
sample_consumer_07,2020-01-02 19:45:00,0.035642,232.825,1.2693,50.002
sample_consumer_07,2020-01-02 19:48:00,0.056867,229.58,1.6532,49.903
sample_consumer_07,2020-01-02 19:51:00,0.060996,230.857,1.7273,49.987
sample_consumer_07,2020-01-02 19:54:00,0.046906,231.052,1.464,50.054
sample_consumer_07,2020-01-02 19:57:00,0.049749,227.754,1.5184,50.012
sample_consumer_07,2020-01-02 20:00:00,0.081128,227.948,2.2334,49.994
sample_consumer_07,2020-01-02 20:03:00,0.052876,231.287,1.5135,50.012
sample_consumer_07,2020-01-02 20:06:00,0.042623,230.896,1.3382,49.981
sample_consumer_07,2020-01-02 20:09:00,0.063892,228.342,1.804,50.068
sample_consumer_07,2020-01-02 20:12:00,0.065732,226.203,1.8616,49.999
sample_consumer_07,2020-01-02 20:15:00,0.038602,228.618,1.2181,50.028
sample_consumer_07,2020-01-02 20:18:00,0.034786,228.7,1.1863,50.041
sample_consumer_07,2020-01-02 20:21:00,0.069176,230.787,1.9561,49.999
sample_consumer_07,2020-01-02 20:24:00,0.065928,229.077,1.8202,50.011
sample_consumer_07,2020-01-02 20:27:00,0.067353,229.672,1.844,50.002
sample_consumer_07,2020-01-02 20:30:00,0.072144,231.719,1.9359,49.994
sample_consumer_07,2020-01-02 20:33:00,0.032568,230.88,1.125,49.984
sample_consumer_07,2020-01-02 20:36:00,0.025733,228.97,1.0666,50.023
sample_consumer_07,2020-01-02 20:39:00,0.063066,232.066,1.7147,50.024
sample_consumer_07,2020-01-02 20:42:00,0.062251,230.883,1.7764,49.996
sample_consumer_07,2020-01-02 20:45:00,0.051225,233.354,1.5495,50.02
sample_consumer_07,2020-01-02 20:48:00,0.059223,228.625,1.6236,49.976
sample_consumer_07,2020-01-02 20:51:00,0.038208,230.239,1.2954,50.015
sample_consumer_07,2020-01-02 20:54:00,0.034579,229.096,1.2392,50.005
sample_consumer_07,2020-01-02 20:57:00,0.047415,227.616,1.5437,50.063
sample_consumer_07,2020-01-02 21:00:00,0.054882,227.856,1.6308,49.963
sample_consumer_07,2020-01-02 21:03:00,0.05763,230.257,1.6589,49.985
sample_consumer_07,2020-01-02 21:06:00,0.047364,231.17,1.4704,50.0
sample_consumer_07,2020-01-02 21:09:00,0.057412,229.014,1.5937,49.985
sample_consumer_07,2020-01-02 21:12:00,0.066014,229.58,1.8643,50.01
sample_consumer_07,2020-01-02 21:15:00,0.055712,232.501,1.6602,49.935
sample_consumer_07,2020-01-02 21:18:00,0.042075,229.689,1.2902,50.0
sample_consumer_07,2020-01-02 21:21:00,0.072705,229.061,1.8673,50.013
sample_consumer_07,2020-01-02 21:24:00,0.03255,231.783,1.0876,50.006
sample_consumer_07,2020-01-02 21:27:00,0.051803,228.951,1.5237,49.979
sample_consumer_07,2020-01-02 21:30:00,0.075706,231.116,1.9912,49.988
sample_consumer_07,2020-01-02 21:33:00,0.083454,229.062,2.2355,49.987
sample_consumer_07,2020-01-02 21:36:00,0.071635,230.053,1.9513,49.978
sample_consumer_07,2020-01-02 21:39:00,0.042988,229.415,1.3432,49.989
sample_consumer_07,2020-01-02 21:42:00,0.024232,228.878,1.0219,50.053
sample_consumer_07,2020-01-02 21:45:00,0.042363,230.219,1.3573,50.019
sample_consumer_07,2020-01-02 21:48:00,0.048423,233.579,1.4384,49.955
sample_consumer_07,2020-01-02 21:51:00,0.050844,231.364,1.4757,50.045
sample_consumer_07,2020-01-02 21:54:00,0.034996,229.93,1.1859,49.983
sample_consumer_07,2020-01-02 21:57:00,0.0419,232.589,1.4077,50.035
sample_consumer_07,2020-01-02 22:00:00,0.036239,226.299,1.2711,49.995
sample_consumer_07,2020-01-02 22:03:00,0.034753,230.274,1.2993,49.986
sample_consumer_07,2020-01-02 22:06:00,0.046682,228.483,1.4172,49.947
sample_consumer_07,2020-01-02 22:09:00,0.039744,227.611,1.3244,49.981
sample_consumer_07,2020-01-02 22:12:00,0.039948,228.873,1.2707,50.009
sample_consumer_07,2020-01-02 22:15:00,0.029012,229.661,1.054,50.042
sample_consumer_07,2020-01-02 22:18:00,0.034968,227.829,1.1563,50.007
sample_consumer_07,2020-01-02 22:21:00,0.015412,230.216,0.7395,50.023
sample_consumer_07,2020-01-02 22:24:00,0.030258,226.732,1.1609,49.985
sample_consumer_07,2020-01-02 22:27:00,0.018834,231.012,0.8664,50.035
sample_consumer_07,2020-01-02 22:30:00,0.035617,231.027,1.1483,49.984
sample_consumer_07,2020-01-02 22:33:00,0.039547,234.043,1.2231,50.081
sample_consumer_07,2020-01-02 22:36:00,0.035433,231.287,1.2023,49.994
sample_consumer_07,2020-01-02 22:39:00,0.048914,229.207,1.4859,49.986
sample_consumer_07,2020-01-02 22:42:00,0.027689,228.867,1.0656,50.024
sample_consumer_07,2020-01-02 22:45:00,0.033297,230.823,1.1094,50.007
sample_consumer_07,2020-01-02 22:48:00,0.02887,230.823,1.0131,49.961
sample_consumer_07,2020-01-02 22:51:00,0.031115,227.168,1.033,49.999
sample_consumer_07,2020-01-02 22:54:00,0.046984,226.524,1.4601,49.949
sample_consumer_07,2020-01-02 22:57:00,0.020891,231.437,0.9127,50.029
sample_consumer_07,2020-01-02 23:00:00,0.050171,230.758,1.5739,50.006
sample_consumer_07,2020-01-02 23:03:00,0.047359,227.614,1.4297,50.017
sample_consumer_07,2020-01-02 23:06:00,0.039932,232.717,1.3122,50.005
sample_consumer_07,2020-01-02 23:09:00,0.03087,230.463,1.0898,50.015
sample_consumer_07,2020-01-02 23:12:00,0.036573,229.229,1.1531,50.008
sample_consumer_07,2020-01-02 23:15:00,0.030394,229.479,1.1616,49.99
sample_consumer_07,2020-01-02 23:18:00,0.048438,231.016,1.3897,50.004
sample_consumer_07,2020-01-02 23:21:00,0.02337,229.67,1.0045,50.032
sample_consumer_07,2020-01-02 23:24:00,0.024828,229.561,1.0551,49.99
sample_consumer_07,2020-01-02 23:27:00,0.034617,231.696,1.1398,50.023
sample_consumer_07,2020-01-02 23:30:00,0.010109,227.94,0.679,50.031
sample_consumer_07,2020-01-02 23:33:00,0.048415,230.51,1.4608,49.95
sample_consumer_07,2020-01-02 23:36:00,0.031145,230.524,1.0971,49.981
sample_consumer_07,2020-01-02 23:39:00,0.041566,232.313,1.3702,49.994
sample_consumer_07,2020-01-02 23:42:00,0.035956,230.789,1.1369,50.028
sample_consumer_07,2020-01-02 23:45:00,0.017237,231.734,0.7748,50.007
sample_consumer_07,2020-01-02 23:48:00,0.034675,231.962,1.1999,50.03
sample_consumer_07,2020-01-02 23:51:00,0.038315,232.464,1.2185,50.031
sample_consumer_07,2020-01-02 23:54:00,0.022772,228.58,0.9869,49.934
sample_consumer_07,2020-01-02 23:57:00,0.024482,229.595,0.9397,49.982
sample_consumer_07,2020-01-03 00:00:00,0.024054,229.802,0.9425,49.973
sample_consumer_07,2020-01-03 00:03:00,0.041736,233.999,1.3997,49.996
sample_consumer_07,2020-01-03 00:06:00,0.022117,232.339,0.906,50.006
sample_consumer_07,2020-01-03 00:09:00,0.025437,231.131,0.9561,50.008
sample_consumer_07,2020-01-03 00:12:00,0.033391,231.308,1.1564,49.999
sample_consumer_07,2020-01-03 00:15:00,0.035373,230.255,1.2091,49.993
sample_consumer_07,2020-01-03 00:18:00,0.028376,232.834,1.0662,50.016
sample_consumer_07,2020-01-03 00:21:00,0.049286,229.865,1.4741,50.047
sample_consumer_07,2020-01-03 00:24:00,0.049736,231.681,1.577,49.968
sample_consumer_07,2020-01-03 00:27:00,0.021967,230.892,0.8899,50.018
sample_consumer_07,2020-01-03 00:30:00,0.051519,228.443,1.5252,50.035
sample_consumer_07,2020-01-03 00:33:00,0.038665,232.53,1.3026,49.992
sample_consumer_07,2020-01-03 00:36:00,0.040579,231.415,1.2512,50.021
sample_consumer_07,2020-01-03 00:39:00,0.041713,230.292,1.3758,49.984
sample_consumer_07,2020-01-03 00:42:00,0.020819,228.302,0.9424,49.995
sample_consumer_07,2020-01-03 00:45:00,0.021926,231.62,0.8822,50.0
sample_consumer_07,2020-01-03 00:48:00,0.038786,228.925,1.3355,50.024
sample_consumer_07,2020-01-03 00:51:00,0.027173,227.808,1.104,50.025
sample_consumer_07,2020-01-03 00:54:00,0.060858,232.543,1.6552,49.974
sample_consumer_07,2020-01-03 00:57:00,0.029829,230.056,1.1327,49.999
sample_consumer_07,2020-01-03 01:00:00,0.043252,230.765,1.3328,50.006
sample_consumer_07,2020-01-03 01:03:00,0.024763,231.625,0.9877,50.001
sample_consumer_07,2020-01-03 01:06:00,0.05501,232.923,1.6215,50.003
sample_consumer_07,2020-01-03 01:09:00,0.052308,228.004,1.5698,49.981
sample_consumer_07,2020-01-03 01:12:00,0.019713,226.74,0.8805,49.977
sample_consumer_07,2020-01-03 01:15:00,0.037637,232.276,1.2108,50.003
sample_consumer_07,2020-01-03 01:18:00,0.035087,229.389,1.252,49.939
sample_consumer_07,2020-01-03 01:21:00,0.049178,230.559,1.4499,49.996
sample_consumer_07,2020-01-03 01:24:00,0.010892,231.737,0.7083,49.988
sample_consumer_07,2020-01-03 01:27:00,0.030997,233.104,1.0885,50.026
sample_consumer_07,2020-01-03 01:30:00,0.042605,228.638,1.3537,50.015
sample_consumer_07,2020-01-03 01:33:00,0.030499,229.124,1.0655,49.98
sample_consumer_07,2020-01-03 01:36:00,0.027505,225.99,1.0552,49.992
sample_consumer_07,2020-01-03 01:39:00,0.019406,230.686,0.8903,49.991
sample_consumer_07,2020-01-03 01:42:00,0.037042,230.054,1.2606,49.973
sample_consumer_07,2020-01-03 01:45:00,0.031428,230.193,1.1582,49.952
sample_consumer_07,2020-01-03 01:48:00,0.019255,233.654,0.9812,50.02
sample_consumer_07,2020-01-03 01:51:00,0.034676,227.862,1.1908,50.021
sample_consumer_07,2020-01-03 01:54:00,0.026397,226.878,1.0257,49.961
sample_consumer_07,2020-01-03 01:57:00,0.036007,228.049,1.1978,49.951
