meter,mean_consumption,max_consumption,min_consumption,std_consumption,median_consumption,total_consumption,peak_to_average,daytime_avg,evening_avg,night_avg,weekday_avg,weekend_avg,weekday_weekend_difference,HAC_cluster,GMM_cluster
BR04,0.0224936553030303,0.172,0.0,0.0202729665099952,0.015,3800.528,7.646600682852487,0.0227674834280303,0.0251848721590909,0.0207373046875,0.0223793833333333,0.0227737336601307,0.0003943503267973,0,0
BR06,0.0302660663841807,0.3,0.0,0.0345982831498328,0.016,5142.81,9.91209086083289,0.0371099929378531,0.0301506355932203,0.0200578919491525,0.029167113095238,0.0329811274509803,0.0038140143557422,2,2
BR08,0.0147005326704545,0.113,0.0,0.0206777864341537,0.008,2483.802,7.686796290525573,0.0095496922348484,0.0176844460227272,0.0209348366477272,0.0145012201195219,0.015195853960396,0.0006946338408741,0,0
BR09,0.0055512896825396,0.079,0.0,0.0070593923345465,0.003,951.269,14.23092731919152,0.005966514939309,0.0061679971988795,0.0046200980392156,0.0055524114173228,0.0055485234627831,3.887954539663618e-06,1,1
BR11,0.0158990987827715,0.22,0.0,0.0206768030339395,0.012,2716.838,13.837262287998032,0.0172423923220973,0.0202266853932584,0.0117203651685393,0.016011778215223,0.0156185049019607,0.0003932733132623,0,0
BR12,0.0307113459669582,0.203,0.0,0.0332602964041469,0.017,5056.316000000001,6.609934980329552,0.027117747813411,0.0279946428571428,0.0374600947521865,0.0301827489837398,0.0320519115120274,0.0018691625282876,2,2
BR14,0.0121867499999999,0.108,0.0,0.0097961008647744,0.01,1901.133,8.862083820542804,0.0107684358974358,0.0112479615384615,0.0147836153846153,0.0121304597701149,0.0123271729390681,0.0001967131689531,0,1
BR15,0.018345327212806,0.265,0.0,0.0181456780474001,0.015,3117.2380000000003,14.445095305523672,0.0177336040489642,0.0194395480225988,0.0187158015536723,0.0182620141633728,0.0185540222772277,0.0002920081138548,0,0
BR16,0.0024294926303854,0.029,0.0,0.0026512595422203,0.002,342.85,11.936648680180836,0.0024465277777777,0.0027918367346938,0.0022227678571428,0.0023755952380952,0.0025497252747252,0.00017413003663,1,1
BR18,0.0237316654795821,0.221,0.0,0.0281605401048598,0.016,3998.311,9.312452182934244,0.023969539411206,0.0222780626780626,0.0241016559829059,0.02373695,0.0237185849834983,1.8365016501653564e-05,0,0
BR19,0.0053892039980732,0.079,0.0,0.0082080715564242,0.0,895.039,14.658936649687892,0.0089756743737957,0.0045687861271676,0.0004197073699421,0.0054832068151147,0.0051546717171717,0.0003285350979429,1,1
BR22,0.0191719215549348,0.149,0.0,0.0216318256600334,0.014,3294.503,7.771782268827801,0.0166137802607076,0.019136906424581,0.0230266410614525,0.0192111165364583,0.0190735498366013,0.000137566699857,0,0
BR24,0.0338655121259029,0.235,0.0,0.0385687851638171,0.019,5250.509,6.939212941069142,0.0301107972136222,0.0341505417956656,0.0393550696594427,0.0331461386494252,0.0356995192307692,0.0025533805813439,2,2
BR26,0.0339301701877934,0.182,0.0,0.0207746157063096,0.034,5781.701000000001,5.363957769521459,0.0344373356807511,0.0351807394366197,0.0325441373239436,0.0337029891304347,0.0344936683006536,0.0007906791702188,2,2
BR27,0.0044479296066252,0.03,0.0,0.0045306106505517,0.002,687.472,6.744711057323062,0.0037588768115942,0.0041190605590062,0.0056459433229813,0.0044085243813682,0.0045449596774193,0.000136435296051,1,1
BR28,0.0167357060185185,0.064,0.0,0.0095201237659919,0.015,2891.9300000000003,3.824158952671745,0.0157329976851851,0.0171413194444444,0.0180369618055555,0.0167020833333333,0.0168195995145631,0.0001175161812297,0,0
BR29,0.0164843245489078,0.144,0.0,0.0132912952996875,0.015,2777.279,8.735571759265094,0.0137591405508072,0.0220572293447293,0.0177856481481481,0.016394825,0.0167058580858085,0.0003110330858085,0,0
BR30,0.0106581622678396,0.079,0.0,0.0069990872198624,0.011,1744.5279999999998,7.412159621399026,0.0093840420332355,0.0128783724340175,0.0114592375366568,0.0105889540816326,0.0108347873263888,0.0002458332447562,0,1
BR31,0.0220245540078201,0.232,0.0,0.0329915782784416,0.008,3604.979,10.533697977158813,0.0225827834799609,0.0287438049853372,0.0178275843108504,0.0220771431010929,0.0218922680412371,0.0001848750598557,0,0
BR32,0.0201315823836657,0.098,0.0,0.0183005798558748,0.017,3391.769,4.867973025285626,0.0185394586894586,0.0222873575498575,0.0214418803418803,0.0201269339309428,0.0201432499999999,1.6316069057102645e-05,0,0
BR33,0.0066107219827586,0.048,0.0,0.0063600976408026,0.005,1104.255,7.260931578303924,0.00600469348659,0.0083609913793103,0.0066446300287356,0.006551375,0.0067621173469387,0.0002107423469387,1,1
BR34,0.0046736696787148,0.057,0.0,0.0053330034639871,0.002,744.796,12.195983866723235,0.0026466992971887,0.0060466114457831,0.0070276543674698,0.004681450488145,0.0046536738351254,2.777665301960039e-05,1,1
BR35,0.024748908168083,0.291,0.0,0.0260967568574511,0.018,4193.455,11.758094459103532,0.0238079202077431,0.0375487960339943,0.0197604461756373,0.024998978919631,0.0241162291666666,0.0008827497529644,0,0
BR36,0.0211644579751671,0.167,0.0,0.022250871424623,0.016,3545.4700000000003,7.890587143594502,0.0190950573065902,0.0277017550143266,0.0209999104584527,0.0211145917338709,0.0212869018151815,0.0001723100813105,0,0
BR37,0.0227034171747967,0.178,0.0,0.0217189358978615,0.018,3574.426,7.840229452225336,0.02225081300813,0.0230850228658536,0.0231915205792682,0.0225891755319148,0.0229920922939068,0.0004029167619919,0,0
BR38,0.0402180967514124,0.28,0.0,0.0452148608852107,0.023,6833.859,6.962040042090421,0.0352820856873822,0.0613218220338983,0.0370702507062147,0.040139091207349,0.0404187708333333,0.0002796796259842,2,2
BR39,0.0055741061373873,0.034,0.0,0.0054350195465391,0.005,791.969,6.099632687643077,0.0037264358108108,0.0058823057432432,0.0081915118243243,0.0055935239779874,0.0055250992063492,6.842477163821522e-05,1,1
BR44,0.0011012276785714,0.036,0.0,0.0034003794061876,0.0,177.60600000000002,32.69078747339616,0.0015734126984126,0.000722581845238,0.0005822730654761,0.0011201649305555,0.0010538845486111,6.628038194444455e-05,1,1
BR45,0.0281001160631383,0.293,0.0,0.0335348432089576,0.015,4842.212,10.427003196059982,0.0203107706592386,0.0233409470752089,0.0421637186629526,0.0279059488932291,0.0285827063106796,0.0006767574174504,0,0
BR49,0.0269408368152274,0.215,0.0,0.029082177095786,0.015,4642.445,7.980449956865402,0.0218752205199628,0.0271598189415041,0.034429770194986,0.0268986572265625,0.0270456715210355,0.000147014294473,0,0
BR50,0.0108595641025641,0.103,0.0,0.0120675345759598,0.007,1694.092,9.48472692156034,0.0099145256410256,0.0154005,0.0100066538461538,0.0107953843390804,0.0110196684587813,0.0002242841197009,0,1
BR51,0.0450294117647058,0.191,0.0,0.0410720199560466,0.026,7716.24,4.241672109732201,0.0433661881419234,0.0405013655462184,0.0497882703081232,0.0444657598039215,0.0464385416666666,0.0019727818627451,2,2
