meter,mean_consumption,max_consumption,min_consumption,std_consumption,median_consumption,total_consumption,peak_to_average,morning_share,afternoon_share,evening_share,night_share,weekday_avg,weekend_avg,weekday_weekend_difference
BR04,0.022493655303030304,0.172,0.0,0.020272966509995227,0.015,3800.528,7.646600682852487,0.2550071989997179,0.25107958683635534,0.1866072293112957,0.30730598485263105,0.02237938333333334,0.02277373366013072,0.000394350326797379
BR06,0.030266066384180793,0.3,0.0,0.034598283149832855,0.016,5142.81,9.91209086083289,0.2820026405797608,0.3310600624950173,0.16603102195103456,0.22090627497418724,0.029167113095238097,0.03298112745098039,0.0038140143557422942
BR08,0.014700532670454547,0.113,0.0,0.020677786434153782,0.008,2483.802,7.686796290525573,0.18057961141830145,0.14422808259273487,0.2004966579461648,0.47469564804279885,0.014501220119521912,0.015195853960396041,0.0006946338408741291
BR09,0.005551289682539683,0.079,0.0,0.007059392334546573,0.003,951.269,14.23092731919152,0.2757274756141533,0.26167151457684423,0.18518210937179705,0.2774189004372054,0.005552411417322835,0.005548523462783172,3.887954539663618e-06
BR11,0.015899098782771535,0.22,0.0,0.020676803033939557,0.012,2716.838,13.837262287998033,0.28350715059197495,0.25873717902944526,0.21203178106313295,0.24572388931544686,0.016011778215223097,0.015618504901960784,0.0003932733132623132
BR12,0.030711345966958216,0.203,0.0,0.0332602964041469,0.017,5056.316000000001,6.609934980329552,0.17738824076659765,0.2641057244048829,0.15192345573338373,0.4065825790951356,0.03018274898373984,0.03205191151202749,0.0018691625282876538
BR14,0.012186749999999998,0.108,0.0,0.00979610086477443,0.01,1901.1329999999998,8.862083820542804,0.2298145369103582,0.21199463688232226,0.15382774377174033,0.4043630824355792,0.012130459770114942,0.012327172939068102,0.0001967131689531599
BR15,0.018345327212806028,0.265,0.0,0.018145678047400117,0.015,3117.2380000000003,14.445095305523672,0.22907586780348502,0.25425168049407837,0.17660762508348735,0.3400648266189492,0.018262014163372864,0.018554022277227723,0.0002920081138548594
BR16,0.002429492630385488,0.029,0.0,0.002651259542220392,0.002,342.85,11.936648680180836,0.26387633075689076,0.2396295756161587,0.19152399008312673,0.3049701035438238,0.0023755952380952383,0.0025497252747252747,0.00017413003663003645
BR18,0.023731665479582147,0.221,0.0,0.02816054010485986,0.016,3998.311,9.312452182934244,0.27310731956568657,0.23190442164203834,0.15645806441770035,0.33853019437457466,0.023736950000000003,0.02371858498349835,1.8365016501653564e-05
BR19,0.005389203998073217,0.079,0.0,0.00820807155642424,0.0,895.039,14.658936649687892,0.3281756437428983,0.504570191913425,0.14129440169646237,0.025959762647214255,0.005483206815114709,0.0051546717171717165,0.0003285350979429927
BR22,0.019171921554934825,0.149,0.0,0.02163182566003341,0.014,3294.503,7.771782268827801,0.17309621511954912,0.26018795551256135,0.16636227072793683,0.4003535586399527,0.019211116536458336,0.01907354983660131,0.0001375666998570252
BR24,0.03386551212590299,0.235,0.0,0.03856878516381715,0.019,5250.509,6.939212941069142,0.21996324546820128,0.22460108153323802,0.16806941955532312,0.38736625344323766,0.03314613864942529,0.035699519230769236,0.002553380581343946
BR26,0.033930170187793436,0.182,0.0,0.020774615706309688,0.034,5781.701000000001,5.363957769521459,0.24527643335412883,0.26219723226780495,0.17280952439429162,0.3197168099837747,0.033702989130434784,0.0344936683006536,0.0007906791702188137
BR27,0.0044479296066252585,0.03,0.0,0.004530610650551759,0.002,687.472,6.744711057323062,0.22966899015523545,0.19287330974934253,0.15434374054506947,0.42311395955035264,0.004408524381368268,0.0045449596774193544,0.00013643529605108628
BR28,0.01673570601851852,0.064,0.0,0.00952012376599195,0.015,2891.9300000000003,3.824158952671745,0.2362301300515572,0.233812713309105,0.17070606826582937,0.35925108837350833,0.01670208333333334,0.01681959951456311,0.00011751618122976884
BR29,0.016484324548907883,0.144,0.0,0.013291295299687582,0.015,2777.279,8.735571759265094,0.1992378151420869,0.21810232245301964,0.22301216406417934,0.3596476983407141,0.016394825000000002,0.016705858085808583,0.0003110330858085812
BR30,0.010658162267839687,0.079,0.0,0.006999087219862453,0.011,1744.5279999999998,7.412159621399026,0.19382262709454937,0.24640533141342533,0.20138513110709602,0.3583869103849294,0.010588954081632653,0.010834787326388888,0.00024583324475623523
BR31,0.02202455400782014,0.232,0.0,0.03299157827844162,0.008,3604.9790000000003,10.533697977158813,0.1914327378883483,0.3212401514682887,0.21751333364216544,0.26981377700119746,0.0220771431010929,0.021892268041237114,0.00018487505985578453
BR32,0.020131582383665716,0.098,0.0,0.018300579855874816,0.017,3391.769,4.867973025285626,0.23093583318911165,0.22952123213579706,0.18451403972381375,0.35502889495127765,0.020126933930942895,0.020143249999999998,1.6316069057102645e-05
BR33,0.006610721982758621,0.048,0.0,0.006360097640802699,0.005,1104.255,7.260931578303924,0.22598856242444,0.2281746516882423,0.21079370254153254,0.33504308334578514,0.006551375,0.006762117346938776,0.0002107423469387762
BR34,0.00467366967871486,0.057,0.0,0.005333003463987161,0.002,744.796,12.195983866723237,0.13242283793146042,0.15072717898592364,0.21562682935998584,0.50122315372263,0.004681450488145049,0.0046536738351254485,2.777665301960039e-05
BR35,0.024748908168083096,0.291,0.0,0.02609675685745111,0.018,4193.455,11.758094459103532,0.22236055949092098,0.25862874407857006,0.2528650003398153,0.2661456960906938,0.024998978919631095,0.02411622916666667,0.0008827497529644256
BR36,0.021164457975167146,0.167,0.0,0.02225087142462303,0.016,3545.4700000000003,7.890587143594502,0.1836444815496958,0.2674669366825837,0.2181468183343816,0.33074176343333894,0.021114591733870973,0.02128690181518152,0.000172310081310547
BR37,0.022703417174796747,0.178,0.0,0.021718935897861565,0.018,3574.426,7.840229452225336,0.3000825866866456,0.18994965905015238,0.16946804885595615,0.3404997054072458,0.022589175531914897,0.022992092293906814,0.00040291676199191717
BR38,0.040218096751412434,0.28,0.0,0.04521486088521078,0.023,6833.859,6.962040042090421,0.171723472784557,0.26691097957976595,0.25412201217496583,0.30724353546071115,0.04013909120734908,0.04041877083333333,0.00027967962598425544
BR39,0.005574106137387388,0.034,0.0,0.0054350195465391014,0.005,791.969,6.099632687643077,0.14181994497259362,0.19244313855719097,0.175881884265672,0.4898550322045434,0.0055935239779874215,0.005525099206349206,6.842477163821522e-05
BR44,0.0011012276785714286,0.036,0.0,0.0034003794061876727,0.0,177.60600000000002,32.69078747339616,0.15180230397621702,0.5625879756314539,0.10936004414265285,0.17624967624967625,0.0011201649305555557,0.0010538845486111111,6.628038194444455e-05
BR45,0.02810011606313835,0.293,0.0,0.03353484320895763,0.015,4842.212,10.427003196059982,0.14274633163521136,0.21865378880561195,0.13843920918786704,0.5001606703713096,0.02790594889322917,0.02858270631067961,0.0006767574174504389
BR49,0.026940836815227482,0.215,0.0,0.029082177095786057,0.015,4642.445,7.980449956865402,0.21116308324600505,0.19482320199808503,0.16802137666682104,0.4259923380890888,0.026898657226562504,0.027045671521035597,0.0001470142944730926
BR50,0.010859564102564103,0.103,0.0,0.012067534575959804,0.007,1694.092,9.48472692156034,0.303860711224656,0.15262748422163613,0.23635847403800975,0.30715333051569804,0.010795384339080462,0.011019668458781362,0.00022428411970090018
BR51,0.04502941176470588,0.191,0.0,0.04107201995604665,0.026,7716.24,4.241672109732201,0.22439348698329756,0.2571383212549117,0.149907079095518,0.36856111266627267,0.04446575980392157,0.04643854166666667,0.0019727818627451044
