feature_set,k,silhouette_score,davies_bouldin_score,min_cluster_size,max_cluster_size,cluster_sizes
A_original_11,2,0.4113587775629376,0.8362894313969843,15,17,"[15, 17]"
A_original_11,3,0.41966993243962425,0.8458070882373953,6,15,"[11, 6, 15]"
A_original_11,4,0.4132878697527762,0.6762325077519311,1,15,"[15, 10, 1, 6]"
A_original_11,5,0.30922715413324386,0.7903937412543989,1,9,"[7, 9, 6, 9, 1]"
A_original_11,6,0.3033741278623949,0.8762692132368691,1,9,"[9, 7, 2, 9, 4, 1]"
B_original_plus_time,2,0.31203579677913296,1.1331225551099182,13,19,"[13, 19]"
B_original_plus_time,3,0.29145492903481585,1.0048635353421067,2,16,"[14, 16, 2]"
B_original_plus_time,4,0.278539582509656,1.054879992550703,2,13,"[13, 7, 2, 10]"
B_original_plus_time,5,0.26493809051896,1.1613214127616285,2,12,"[11, 4, 12, 2, 3]"
B_original_plus_time,6,0.2532691862052939,0.7227225669321221,1,13,"[11, 5, 1, 13, 1, 1]"
C_user_facing_5,2,0.5448112537320825,0.7393432997739525,2,30,"[30, 2]"
C_user_facing_5,3,0.22573972013310056,1.1992783638865803,2,21,"[2, 21, 9]"
C_user_facing_5,4,0.20898541343800683,1.150846567485206,2,16,"[16, 5, 9, 2]"
C_user_facing_5,5,0.24915074214908908,1.0105735496620998,2,12,"[6, 5, 12, 7, 2]"
C_user_facing_5,6,0.2103998003173182,0.863247164050139,1,11,"[5, 1, 9, 11, 1, 5]"
D_daily_time_peak,2,0.5764962742453619,0.7704106912415003,2,30,"[30, 2]"
D_daily_time_peak,3,0.18699771381469868,1.3790083621328952,2,16,"[14, 16, 2]"
D_daily_time_peak,4,0.19716933123996583,1.1971681955331528,2,14,"[14, 12, 4, 2]"
D_daily_time_peak,5,0.19032207176309035,0.922393929024485,1,12,"[9, 9, 1, 1, 12]"
D_daily_time_peak,6,0.21855127885453596,0.8316346596245713,1,13,"[5, 6, 1, 13, 6, 1]"
